id,created_at,text,author_id,conversation_id,public_metrics/retweet_count,public_metrics/reply_count,public_metrics/like_count,public_metrics/quote_count,in_reply_to_user_id
1405597120044863488,2021-06-17T18:44:02.000Z,"Em mutir√£o da UFPR, 1,01% dos assintom√°ticos testa positivo para a Covid-19 https://t.co/rSGUqNnzNW",23978439,1405597120044863488,3,0,34,0,
1402396253980434434,2021-06-08T22:44:56.000Z,"UMA EXCELENTE NOT√çCIA!

Os trabalhadores da educa√ß√£o do Paran√° que atuam no ensino superior come√ßar√£o a ser vacinados contra a Covid-19. 

Confira no recado do reitor @ricardo_marcelo https://t.co/SfrPm8xxKE",23978439,1402396253980434434,27,3,354,17,
1399840878252994569,2021-06-01T21:30:47.000Z,"E ainda, a rede federal de hospitais universit√°rios, formada por 50 hospitais vinculados a 35 universidades, disponibiliza, desde o in√≠cio da pandemia, mais de dois mil leitos para pacientes com Covid-19, sendo cerca de 1.300 leitos de enfermaria e em torno de 700 leitos de UTI.",23978439,1399840874343931908,1,1,13,0,23978439
1399840876772442123,2021-06-01T21:30:47.000Z,"O levantamento indica tamb√©m a realiza√ß√£o de 73.825 projetos de pesquisa e 29.451 de extens√£o, produ√ß√£o de de 691 mil litros de √°lcool 70%, 515 mil Face Shields, 651 mil m√°scaras e a realiza√ß√£o de mais de 670 mil testes de Covid-19 pelas universidades federais, somente em 2020.",23978439,1399840874343931908,0,1,7,0,23978439
1397319943021023235,2021-05-25T22:33:30.000Z,"UFPR realiza reuni√£o com ministro da Ci√™ncia, Tecnologia e Inova√ß√£o sobre a vacina contra Covid-19 https://t.co/mBrqbr12zE",23978439,1397319943021023235,1,0,16,1,
1396910658105524224,2021-05-24T19:27:08.000Z,https://t.co/fHGx8GDMux,23978439,1396910654955655170,1,1,23,0,23978439
1396910656629137408,2021-05-24T19:27:08.000Z,"Para homenage√°-los, a UFPR criou o Memorial √†s v√≠timas do coronav√≠rus.
A a√ß√£o √© uma forma de guardar a mem√≥ria e valorizar todos que fazem parte da hist√≥ria da UFPR ‚Äì professores, t√©cnicos, alunos e colaboradores terceirizados.

https://t.co/sYriILOQbU üñ§",23978439,1396910654955655170,5,1,34,1,23978439
1396910654955655170,2021-05-24T19:27:08.000Z,"Eles passaram por salas de aulas, departamentos, laborat√≥rios‚Ä¶ Eram colegas, alunos, mestres, amigos‚Ä¶ 

A pandemia da covid-19 tem tirado a vida de milhares de pessoas, muitos pertencentes √† comunidade universit√°ria. 
(+) https://t.co/spwU7SN3yB",23978439,1396910654955655170,20,2,174,1,
1394759150463299588,2021-05-18T20:57:49.000Z,"A prova deste ano, marcada para 18 de julho, ser√° composta por 60 quest√µes objetivas e por uma produ√ß√£o de texto. A mudan√ßa foi necess√°ria para atender o cen√°rio de restri√ß√µes sanit√°rias causadas pela Covid-19.

A transmiss√£o ser√° pelo Youtube da UFPR TV https://t.co/y3RY1vv048",23978439,1394759148735246339,0,1,31,0,23978439
1394352208276230144,2021-05-17T18:00:46.000Z,"Variante do coronav√≠rus tende a ser mais fatal entre jovens e adultos, sugere estudo https://t.co/Lu318XBi0D",23978439,1394352208276230144,0,0,15,0,
1394338792513880064,2021-05-17T17:07:28.000Z,@Lellexlutor Estamos ocupados fazendo vacina contra a Covid https://t.co/SbLlFJb5eR,23978439,1394306387304407040,0,1,13,0,935973753892360193
1390017677398265862,2021-05-05T18:56:54.000Z,UFPR testa gratuitamente pessoas da comunidade universit√°ria com sintomas de Covid-19 no Centro Polit√©cnico https://t.co/Z2OZsrjvW1,23978439,1390017677398265862,5,0,29,0,
1389368567968186369,2021-05-03T23:57:34.000Z,UFPR anuncia desenvolvimento de nova vacina contra Covid-19 | GloboNews Jornal GloboNews Edi√ß√£o das 18 | G1 https://t.co/ZVHohMF2Hq,23978439,1389368567968186369,42,1,278,6,
1386740347750043650,2021-04-26T17:53:57.000Z,"Acompanhe agora, ao vivo, coletiva de imprensa sobre a Vacina da UFPR contra a Covid-19 https://t.co/q4N23tnvED",23978439,1386740347750043650,7,0,35,3,
1383093415680823296,2021-04-16T16:22:21.000Z,UFPR disponibiliza mil testes de coronav√≠rus para assintom√°ticos no pr√≥ximo dia 20 de abril https://t.co/RvybqF0zGA,23978439,1383093415680823296,5,1,30,1,
1382765252786409479,2021-04-15T18:38:21.000Z,O reitor ressaltou que a realiza√ß√£o da prova em 18 de julho est√° condicionada √†s condi√ß√µes epidemiol√≥gicas da Covid-19.,23978439,1382765249317715971,1,1,38,0,23978439
1382046360011210776,2021-04-13T19:01:44.000Z,Doutoranda em gen√©tica da UFPR desenvolve jogo para estimular preven√ß√£o contra Covid-19 https://t.co/8oGmhLnoly,23978439,1382046360011210776,2,0,18,0,
1380213612342616064,2021-04-08T17:39:02.000Z,Cientistas da UFPR respondem d√∫vidas da sociedade sobre Covid-19 para refor√ßar cuidados no pior momento da pandemia; saiba como participar https://t.co/NX41b3g2RX,23978439,1380213612342616064,4,0,11,0,
1379121222647173120,2021-04-05T17:18:16.000Z,Estudantes de cursos da sa√∫de em est√°gio recebem primeira dose da vacina contra Covid-19                  https://t.co/xIb6kMUOAy,23978439,1379121222647173120,2,1,38,0,
1375088757196656642,2021-03-25T14:14:42.000Z,A data foi definida em acordo com a dire√ß√£o da PCPR e com a Presid√™ncia da Comiss√£o do Concurso P√∫blico e levou em conta as perspectivas de melhora no quadro epidemiol√≥gico brasileiro em rela√ß√£o √† Covid-19 com a vacina√ß√£o progressiva da popula√ß√£o.,23978439,1375088755606978562,1,1,13,0,23978439
1374806799644250116,2021-03-24T19:34:18.000Z,Hospital de Cl√≠nicas da UFPR recebe doa√ß√£o de equipamentos para tratamento de Covid-19 https://t.co/uGBgvTsA9p,23978439,1374806799644250116,1,1,25,0,
1370790109545701383,2021-03-13T17:33:24.000Z,"MUTIR√ÉO DE TESTES DA COVID-19  CANCELADO ‚ö†Ô∏è
Em aten√ß√£o ao Decreto Municipal 565/2021 e ao memorando 7/2021 da Pr√≥-Reitoria de Administra√ß√£o, n√£o ser√° realizado o mutir√£o de coleta de assintom√°ticos no dia 16 de mar√ßo de 2021.
Nova data ser√° comunicada oportunamente.",23978439,1370790109545701383,4,3,74,1,
1370529529622630402,2021-03-13T00:17:57.000Z,UFPR em luto pelas v√≠timas da covid-19 https://t.co/foQTW2sDCH https://t.co/BlnNPXQZJU,23978439,1370529529622630402,26,4,297,1,
1370505214764126214,2021-03-12T22:41:20.000Z,UFPR disponibiliza 1800 testes de coronav√≠rus para assintom√°ticos no pr√≥ximo dia 16; saiba como participar https://t.co/i44MrJvsAq,23978439,1370505214764126214,7,0,41,0,
1370479146787340293,2021-03-12T20:57:45.000Z,"O dia 12 de mar√ßo marca um ano da primeira morte no Brasil causada pelo coronav√≠rus. Hoje o pa√≠s soma mais de 272 mil mortes e o Paran√° 13.053 √≥bitos.

Saiba mais: https://t.co/HuvpLGMSfO

#LutoPelaVida #UFPRPelaVacina",23978439,1370479144279146496,8,2,34,0,23978439
1370479144279146496,2021-03-12T20:57:44.000Z,"UFPR em luto pelas v√≠timas da Covid-19 

A Universidade Federal do Paran√° participa, juntamente com outras universidades p√∫blicas, de uma a√ß√£o de luto e respeito pelas v√≠timas da Covid-19 e em favor da vacina√ß√£o da popula√ß√£o contra a doen√ßa. üëá https://t.co/WK0QjL0JVt",23978439,1370479144279146496,20,2,240,2,
1367918875719958528,2021-03-05T19:24:09.000Z,Alunos de medicina da UFPR s√£o volunt√°rios no combate √† Covid-19 https://t.co/3ePLThgTnW,23978439,1367918875719958528,3,0,40,1,
1367561031388692484,2021-03-04T19:42:12.000Z,Comiss√£o da UFPR divulga nota t√©cnica sobre evolu√ß√£o da Covid-19 https://t.co/q6Z04cPaNZ,23978439,1367561031388692484,2,0,18,0,
1362460012229120006,2021-02-18T17:52:34.000Z,"No Vacc o jogador assume o papel de vacinador para proteger a popula√ß√£o do coronav√≠rus. O desafio √© conseguir aplicar as doses em situa√ß√µes dif√≠ceis, como aglomera√ß√µes de pessoas e divulga√ß√£o de fakenews. https://t.co/ztopaB3B4T",23978439,1362460012229120006,13,5,38,0,
1357732534327644164,2021-02-05T16:47:16.000Z,UFPR realiza testes de Covid-19 em assintom√°ticos no dia 09/02; veja como participar https://t.co/KOcbIkC7iE,23978439,1357732534327644164,7,0,23,0,
1357097799389749251,2021-02-03T22:45:03.000Z,A campanha √© mobilizada pela Funda√ß√£o Arauc√°ria e quer incentivar a popula√ß√£o a aderir √† imuniza√ß√£o e tamb√©m combater as fake news sobre o assunto üëâ https://t.co/5nzuJYo89q,23978439,1357095895460937730,3,0,14,0,23978439
1357097798282473472,2021-02-03T22:45:03.000Z,"Junto com mais 13 institui√ß√µes ligadas √† ci√™ncia no Paran√°, a UFPR aderiu √† campanha para a vacina√ß√£o contra a Covid-19 na regi√£o Sul do Pa√≠s!",23978439,1357095895460937730,4,1,37,0,23978439
1356278973429329921,2021-02-01T16:31:20.000Z,Revista cient√≠fica internacional publica artigo sobre teste r√°pido e barato para Covid-19 desenvolvido na UFPR https://t.co/qqjrfQ6ngO,23978439,1356278973429329921,6,1,41,1,
1355241934437183493,2021-01-29T19:50:31.000Z,UFPR integra movimento de entidades cient√≠ficas em favor da vacina contra Covid-19 https://t.co/JUTU0TiptG,23978439,1355241934437183493,4,0,34,0,
1352668370659848194,2021-01-22T17:24:05.000Z,Saiba mais: https://t.co/DL0gRphsNk,23978439,1352668360752955395,1,0,7,0,23978439
1352668360752955395,2021-01-22T17:24:03.000Z,"Na pr√≥xima ter√ßa-feira, dia 26 de janeiro, pesquisadores da UFPR realizam o s√©timo mutir√£o de testes com pessoas assintom√°ticas para detec√ß√£o do novo coronav√≠rus (1/5)üëá https://t.co/OD9X2k0XHI",23978439,1352668360752955395,12,4,66,1,
1352006879975776261,2021-01-20T21:35:33.000Z,"Foram vacinados 4 profissionais da linha de frente da Covid-19 no HC: os t√©cnicos de enfermagem da UTI COVID, Risolete Alvarenga e Eder Nunes, a Enfermeira chefe da UTI COVID, Ligia Palu e o m√©dico residente da √°rea de infectologia pedi√°trica, Rafael Barbosa.",23978439,1352006872967077891,1,1,22,0,23978439
1351226415358865414,2021-01-18T17:54:16.000Z,"O Complexo Hospital de Cl√≠nicas da UFPR foi um dos centros de pesquisa que fez parte do estudo de ""Efic√°cia e seguran√ßa da vacina contra a Covid-19"", da farmac√™utica Sinovac, em parceria com o Instituto Butantan @butantanoficial üëá(1/3) https://t.co/SNXjLXmUgN",23978439,1351226415358865414,33,2,223,6,
1347545650133655552,2021-01-08T14:08:13.000Z,UFPR realiza primeira rodada de testes de Covid-19 em assintom√°ticos de 2021; saiba como agendar https://t.co/nK7VCDB5Wf,23978439,1347545650133655552,9,0,49,1,
1346588423969267713,2021-01-05T22:44:33.000Z,"@CarDrevy Presenciais ainda n√£o. Mas a equipe de especialistas da Universidade, para enfrentamento da Covid-19, faz o monitoramento constante da situa√ß√£o da pandemia e avalia, permanentemente, as possibilidades de retorno das atividades.",23978439,1346584184622616581,0,1,5,0,1250898352478334981
1341508909195022337,2020-12-22T22:20:22.000Z,Proje√ß√µes matem√°ticas sobre covid-19 fazem Prefeitura de Teresina conceder medalha a professor da UFPR https://t.co/tcEAsbmAQD,23978439,1341508909195022337,2,0,19,0,
1339566741123428357,2020-12-17T13:42:53.000Z,Vacina para Covid-19 desenvolvida na UFPR induz produ√ß√£o maior de anticorpos que a de Oxford em fase pr√©-cl√≠nica https://t.co/203nchwt7V,23978439,1339566741123428357,158,16,1054,106,
1334910646735998976,2020-12-04T17:21:14.000Z,UFPR realiza testes de Covid-19 em assintom√°ticos na pr√≥xima semana somente com agendamento; saiba como participar https://t.co/YnPAMY3hCo,23978439,1334910646735998976,7,1,36,3,
1334563171202453505,2020-12-03T18:20:29.000Z,N√∫mero de assintom√°ticos infectados pelo coronav√≠rus aumentou em testagens da UFPR https://t.co/3dy4VIsMHI,23978439,1334563171202453505,6,1,23,0,
1333813230096052225,2020-12-01T16:40:29.000Z,Pesquisa da UFPR descarta transmiss√£o de coronav√≠rus de c√£es para humanos; abandono √© crime https://t.co/B7iO72UVT6,23978439,1333813230096052225,10,0,47,1,
1331338296342032384,2020-11-24T20:45:59.000Z,Conhecimento traduzido: UFPR promove internacionaliza√ß√£o de pesquisas brasileiras sobre Covid-19 https://t.co/aEkqwBFFUp,23978439,1331338296342032384,0,0,16,1,
1325841319923748865,2020-11-09T16:42:58.000Z,Projeto da UFPR cria sistema que monitora acesso a laborat√≥rios para minimizar risco de contamina√ß√£o por Covid-19 https://t.co/8pRrpy4kPJ,23978439,1325841319923748865,1,0,32,1,
1321864756253306881,2020-10-29T17:21:31.000Z,"Polariza√ß√£o pol√≠tica pode interferir no comportamento dos brasileiros sobre a Covid-19, aponta pesquisa https://t.co/KrbcqxQsTW",23978439,1321864756253306881,3,0,21,0,
1320480327614242817,2020-10-25T21:40:18.000Z,"Corrida por vacina nacional contra a Covid tem Butantan, Fiocruz, USP, UFMG e UFPR em 11 projetos na fase inicial de estudos | Vacina | G1 https://t.co/YR6iJxgaEX",23978439,1320480327614242817,7,0,139,8,
1316406229472772096,2020-10-14T15:51:17.000Z,UFPR inicia testagem de Covid-19 para a comunidade universit√°ria; saiba como acessar o servi√ßo https://t.co/qticKNfuqT,23978439,1316406229472772096,17,0,76,2,
1314246528039616512,2020-10-08T16:49:24.000Z,UFPR coordena estudo sobre covid-19 em pets; equipe recruta animais com tutores que testaram positivo em cinco capitais https://t.co/3XKLVE4We0,23978439,1314246528039616512,5,0,24,0,
1312142466309451776,2020-10-02T21:28:37.000Z,Grupo interdisciplinar analisa o impacto da covid-19 em ind√≠genas paranaenses https://t.co/6kp9UAUZ2g,23978439,1312142466309451776,1,0,16,0,
1310650563097436162,2020-09-28T18:40:19.000Z,‚ÄúHaver√° contraindica√ß√£o da vacina do coronav√≠rus para gestantes?‚Äù: cientistas da UFPR respondem novas d√∫vidas da sociedade sobre Covid-19 https://t.co/4z3yk6yq5t,23978439,1310650563097436162,3,0,11,0,
1309587032130322447,2020-09-25T20:14:14.000Z,Estudo da UFPR avalia risco de contamina√ß√£o por covid-19 para trabalhadores de esta√ß√µes de tratamento de esgoto e para √°reas sem saneamento https://t.co/oBVWS7rIE6,23978439,1309587032130322447,6,0,20,0,
1305954341782781952,2020-09-15T19:39:13.000Z,HQ sobre Covid-19 no corpo humano criada pelo curso de Medicina Campus Toledo √© premiada pelo Instituto Butantan https://t.co/9EBU6jP9ZH,23978439,1305954341782781952,12,0,48,2,
1300852530419769345,2020-09-01T17:46:26.000Z,C√∫rcuma e s√°lvia s√£o estudadas em pesquisa da UFPR como poss√≠veis op√ß√µes fitoter√°picas contra a covid-19 https://t.co/H1ZQpXKNV1,23978439,1300852530419769345,3,0,25,0,
1300515909514285059,2020-08-31T19:28:49.000Z,Estudo revela que teste r√°pido para Covid-19 criado na UFPR √© mais preciso e r√°pido que padr√£o ouro https://t.co/ABANNkGJnd,23978439,1300515909514285059,33,2,180,10,
1292811888196165633,2020-08-10T13:15:48.000Z,Cientistas da UFPR testam popula√ß√£o de penitenci√°ria feminina para Covid-19; ideia √© estudar din√¢mica do efeito-ilha https://t.co/knmSaxHq7g,23978439,1292811888196165633,5,0,36,0,
1291843172189052930,2020-08-07T21:06:28.000Z,"Os testes da vacina contra a Covid-19 come√ßaram hoje no Hospital de Cl√≠nicas da UFPR! üíâ
‚û°Ô∏è https://t.co/lMoNSmkx3n https://t.co/RLUrauwnjo",23978439,1291843172189052930,73,4,503,40,
1291072046827556865,2020-08-05T18:02:17.000Z,"Em artigo no peri√≥dico ‚ÄúOne Health‚Äù, professor da UFPR adverte sobre riscos do uso de ivermectina contra a Covid-19 https://t.co/HOm3VrBwqh",23978439,1291072046827556865,2,0,15,0,
1288866960713940995,2020-07-30T16:00:04.000Z,Neurologista da UFPR indica que perda de olfato e paladar por covid-19 pode permanecer ap√≥s elimina√ß√£o do v√≠rus https://t.co/LHBPHcjrd6,23978439,1288866960713940995,5,2,46,3,
1288241250328555526,2020-07-28T22:33:43.000Z,‚ÄúCoronav√≠rus sobrevive em ambiente externo e superf√≠cies?‚Äù: cientistas respondem a novas d√∫vidas da sociedade https://t.co/jgaFPa57rK,23978439,1288241250328555526,4,0,12,0,
1288213694506250240,2020-07-28T20:44:13.000Z,Curso de extens√£o aborda viol√™ncia dom√©stica e maus-tratos a animais em tempos de Covid-19 https://t.co/3Kjzpc1h7s,23978439,1288213694506250240,4,0,21,0,
1288170477362569230,2020-07-28T17:52:29.000Z,UFPR desenvolve 'mapa do clima' da Covid-19 no Paran√° https://t.co/1zz8IepFXa via @folhadelondrina,23978439,1288170477362569230,2,0,15,1,
1287861891939827712,2020-07-27T21:26:17.000Z,UFPR assina protocolo para in√≠cio de testes da vacina contra a Covid-19 https://t.co/mB4lbmsVg1,23978439,1287861891939827712,6,0,84,3,
1287798234312781829,2020-07-27T17:13:19.000Z,Sistema criado pelo Laboclima da UFPR alerta sobre tempo que favorece novo coronav√≠rus no Paran√° https://t.co/WiMzxDZ1Dn,23978439,1287798234312781829,1,0,16,0,
1287511064335319045,2020-07-26T22:12:13.000Z,"‚úÖ UFPR assina protocolo com o Instituto Butantan para dar in√≠cio aos testes da vacina contra a Covid-19.
‚úÖ UFPR Litoral deselvolve teste r√°pido para Covid-19 com custo de R$ 10,00.

√â a Universidade P√∫blica e a Ci√™ncia a servi√ßo da sa√∫de, da vida e da sociedade brasileira! https://t.co/kOiDaL7DHi",23978439,1287511064335319045,186,7,921,31,
1284168235181641733,2020-07-17T16:49:00.000Z,P√≥s-gradua√ß√£o em Gen√©tica promove conhecimento sobre a Covid-19 nas redes sociais https://t.co/77rPmBUidP,23978439,1284168235181641733,3,0,19,0,
1283150503468244994,2020-07-14T21:24:54.000Z,"UFPR vai ampliar a capacidade de testes para detectar a covid-19 no Paran√°!

#UFPRNaM√≠dia

https://t.co/nE0gElYRn2",23978439,1283150503468244994,7,0,65,1,
1282763462473584640,2020-07-13T19:46:56.000Z,UFPR amplia testagem de Covid-19 no Paran√° https://t.co/rFuhhbNsjY,23978439,1282763462473584640,11,0,56,4,
1281656757086048261,2020-07-10T18:29:17.000Z,Pesquisa da UFPR usa inova√ß√£o para diagn√≥stico precoce de Covid-19 https://t.co/YVt80EYdbt,23978439,1281656757086048261,7,0,29,1,
1280916267600359427,2020-07-08T17:26:51.000Z,"Hoje, 08 de julho, √© o Dia Nacional da Ci√™ncia e tamb√©m o Dia Nacional da Pesquisadora e do Pesquisador! 
Em tempos de Covid-19, a data serve para nos lembrar que a ci√™ncia - mais do que nunca - √© INDISPENS√ÅVEL para a humanidade.

A CI√äNCIA SALVA VIDAS! VIVA A CI√äNCIA! https://t.co/P2a8OxupGv",23978439,1280916267600359427,67,1,176,3,
1280540538664607744,2020-07-07T16:33:50.000Z,"Em duas semanas, mortes di√°rias por covid-19 no Brasil podem passar de 1.600, revela modelo da UFPR baseado em intelig√™ncia artificial https://t.co/C0mgTAM2db",23978439,1280540538664607744,7,0,34,0,
1279130531473604609,2020-07-03T19:10:58.000Z,"Pesquisadores da UFPR participam de cons√≥rcio internacional entre Brasil, China e Inglaterra no combate √† Covid-19 https://t.co/gjGxZxJeKe",23978439,1279130531473604609,3,0,12,0,
1278829750203617280,2020-07-02T23:15:46.000Z,Hospital de Cl√≠nicas da UFPR participa da fase de testes em humanos da vacina contra o coronav√≠rus https://t.co/ub7MFBCgVA,23978439,1278829750203617280,35,0,241,8,
1278449411069284354,2020-07-01T22:04:26.000Z,Setor de Ci√™ncias Biol√≥gicas seleciona bolsistas para atuar na testagem de Covid-19 https://t.co/XEElv0FSjB,23978439,1278449411069284354,6,0,30,0,
1276609303013666818,2020-06-26T20:12:30.000Z,Cientistas da UFPR disponibilizam tutoriais para prefeituras criarem mapas de Covid-19 por setores censit√°rios https://t.co/ZOjarOJQY5,23978439,1276609303013666818,5,1,39,0,
1276265600654999552,2020-06-25T21:26:45.000Z,"UFPR, PUC e Fiocruz trabalhando juntas em um estudo pioneiro que usa c√©lulas-tronco no tratamento de pacientes com a Covid-19.

#JuntosSomosMaisFortes ‚ù§
https://t.co/p2O2oQfDu7",23978439,1276265600654999552,11,0,85,0,
1276238561482768392,2020-06-25T19:39:19.000Z,Pesquisador da UFPR cria escala de medo da pandemia do novo coronav√≠rus https://t.co/I8k32QwA1s,23978439,1276238561482768392,1,0,13,0,
1275180727110381569,2020-06-22T21:35:51.000Z,"Tecnologias da UFPR Litoral para testes imunol√≥gicos de Covid-19, que custam R$ 5 e R$ 10, est√£o abertas a parceria https://t.co/KEF0md9og0",23978439,1275180727110381569,15,2,65,6,
1272570107353538560,2020-06-15T16:42:11.000Z,Cientistas da UFPR trabalham no desenvolvimento de vacina contra a covid-19 https://t.co/yPzEDsV6J7,23978439,1272570107353538560,43,2,270,7,
1271529206988627977,2020-06-12T19:46:01.000Z,Covid-19: projeto nacional com participa√ß√£o da UFPR oferece psicoterapia para profissionais de sa√∫de https://t.co/A5RZhqO3uO,23978439,1271529206988627977,1,0,13,0,
1270819589476286466,2020-06-10T20:46:15.000Z,Aplicativo que faz proje√ß√µes matem√°ticas da curva de Covid-19 ser√° lan√ßado em webin√°rio nesta sexta (12/6) https://t.co/ll7W7iau7f,23978439,1270819589476286466,9,1,25,0,
1270767046335356930,2020-06-10T17:17:28.000Z,"Pesquisadores da UFPR utilizam nanotecnologia para desenvolver desinfetante eficaz por mais de 12 horas.
O produto poder√° ser usado para substituir o √°lcool 70 contra o novo coronav√≠rus e demais v√≠rus e bact√©rias.
 https://t.co/lEZZn9MN1I",23978439,1270767046335356930,15,0,54,4,
1270076610964860929,2020-06-08T19:33:55.000Z,"Entre os cientistas que buscam identificar como o Sars-CoV-2 consegue chegar ao c√©rebro humano, est√° o professor do Departamento de Fisiologia da UFPR @MarceloMSLima2 üß†

https://t.co/vAuUCg6Bng",23978439,1270076610964860929,4,0,19,0,
1268212559565541377,2020-06-03T16:06:51.000Z,"Rodovias brasileiras podem ser rotas de dissemina√ß√£o do coronav√≠rus, dizem pesquisadores https://t.co/QWJAagtJt7",23978439,1268212559565541377,1,0,8,0,
1266398276619841537,2020-05-29T15:57:32.000Z,Aplicativo desenvolvido por estudante da UFPR j√° mapeou mais de 160 mil relatos sobre Covid-19 https://t.co/AZZwZu7hLx,23978439,1266398276619841537,1,0,20,0,
1266068934559760385,2020-05-28T18:08:51.000Z,Covid-19: pesquisa da UFPR aponta avan√ßos para testes imunol√≥gicos https://t.co/OJRotXH55q,23978439,1266068934559760385,4,0,22,0,
1265710944040206337,2020-05-27T18:26:19.000Z,Saiba porque o coronav√≠rus pode n√£o desaparecer e o que fazer para mudar esse quadro https://t.co/yhfdL9ulCF,23978439,1265710944040206337,1,0,7,0,
1263887091580182529,2020-05-22T17:38:59.000Z,Professoras da UFPR lan√ßam livro de passatempos sobre mulheres cientistas no combate ao coronav√≠rus; baixe gratuitamente  https://t.co/HxaChD2hQ5,23978439,1263887091580182529,12,1,54,1,
1263534306112221185,2020-05-21T18:17:08.000Z,Alunos de Engenharia Qu√≠mica da UFPR ajudam empreendedores no enfrentamento √† Covid-19 https://t.co/vjZTnO44s3,23978439,1263534306112221185,5,0,25,2,
1263520916337831938,2020-05-21T17:23:56.000Z,"Ser√° que o forno de micro-ondas tem o poder de matar o novo coronavirus? ü§î
Poder√≠amos us√°-lo para fazer a assepsia r√°pida das m√°scaras, luvas e aventais?ü§î

Os cientistas da UFPR respondem essa e outras perguntas da popula√ß√£o sobre a Covid-19 üëâhttps://t.co/ywA0KLKBEH https://t.co/KwtDex975g",23978439,1263520916337831938,9,0,20,2,
1263512505705512961,2020-05-21T16:50:30.000Z,Comiss√£o da UFPR lan√ßa nota com novas informa√ß√µes e recomenda√ß√µes sobre a covid-19 https://t.co/D2mKR3Aw7F,23978439,1263512505705512961,4,0,22,1,
1263204812893626368,2020-05-20T20:27:51.000Z,Aprovado nesta quarta (20/05) o adiamento do Vestibular UFPR 2020/2021 devido √†s condi√ß√µes decorrentes da pandemia de covid-19. A nova data da prova objetiva fica agendada para o dia 10 de janeiro de 2021. Mais em: https://t.co/TAerK6OH9s https://t.co/pb8KgPoP3k,23978439,1263204812893626368,354,36,1519,114,
1262495674026930176,2020-05-18T21:29:59.000Z,UFPR destina recursos pr√≥prios para projetos no combate √† pandemia de Covid-19; edital tem inscri√ß√µes abertas https://t.co/voEpoIEKyH,23978439,1262495674026930176,3,0,22,1,
1261792850557140992,2020-05-16T22:57:13.000Z,"""Neste momento dram√°tico de pandemia que estamos vivendo, a universidade p√∫blica tem feito a diferen√ßa.Tem salvado vidas. Mas a UFPR quer fazer mais."" - reitor @ricardo_marcelo

UFPR destina recursos pr√≥prios para projetos focados no contexto p√≥s-pandemia: https://t.co/ofrQlzlscE https://t.co/YSpkyGqxUZ",23978439,1261792850557140992,28,3,195,15,
1261406794951176192,2020-05-15T21:23:10.000Z,UFPR destina recursos pr√≥prios para projetos no combate √† pandemia de Covid-19 https://t.co/voEpoIWlqf,23978439,1261406794951176192,2,0,23,1,
1261351319186452480,2020-05-15T17:42:43.000Z,"O curso de Medicina da UFPR em Toledo disponibiliza gratuitamente a tradu√ß√£o dos principais artigos cient√≠ficos publicados em revistas de renome internacional sobre o Coronav√≠rus.
J√° s√£o 49 artigos traduzidos e dispon√≠veis!
Acesse: https://t.co/L656TpHxhI https://t.co/BedDoxhqOl",23978439,1261351319186452480,23,0,72,0,
1260997090081112069,2020-05-14T18:15:09.000Z,UFPR colabora com plataforma que re√∫ne informa√ß√µes e an√°lises sobre covid-19 no Paran√° https://t.co/R8UBdpI8Nr,23978439,1260997090081112069,1,0,17,1,
1260583761588244487,2020-05-13T14:52:43.000Z,Pesquisadores da UFPR e da UFOP desenvolvem diagn√≥stico de Covid-19 por imagens de Raio-X https://t.co/k6X1YAR7KL,23978439,1260583761588244487,13,0,52,0,
1260269304727179270,2020-05-12T18:03:11.000Z,Projeto que previne Covid-19 em penitenci√°rias tem vagas para enfermeiros e t√©cnicos de enfermagem https://t.co/RSkRY1vOPg,23978439,1260269304727179270,1,0,16,0,
1259941514060402693,2020-05-11T20:20:40.000Z,Pesquisadores da UFPR e UFRJ explicam efeitos negativos das not√≠cias falsas na pandemia do novo coronav√≠rus https://t.co/9DpDuxT2h3,23978439,1259941514060402693,3,0,19,0,
1259902681562460160,2020-05-11T17:46:21.000Z,Professores e estudantes de Farmacologia da UFPR utilizam redes sociais para informar sobre a Covid-19 https://t.co/Moy6VEtp6c,23978439,1259902681562460160,5,0,23,0,
1259850830238429184,2020-05-11T14:20:19.000Z,"Universidades federais conduzem mais de 800 pesquisas para mapear coronav√≠rus e encontrar uma vacina, diz associa√ß√£o | Educa√ß√£o | G1 https://t.co/0DCLbLCpuN",23978439,1259850830238429184,53,4,308,4,
1259617667012612103,2020-05-10T22:53:49.000Z,"Estudo liderado pela UFPR ‚¨áÔ∏è

Coronav√≠rus: in√©rcia pol√≠tica aumenta n√∫mero de mortes, indica estudo https://t.co/Cq34m6Tupy",23978439,1259617667012612103,23,1,74,2,
1258889090197528576,2020-05-08T22:38:42.000Z,"Sociedade civil organizada no combate ao novo coronav√≠rus arrecada 1,9 milh√£o de reais https://t.co/elfWb4GzsA",23978439,1258889090197528576,2,0,14,0,
1258836511388241921,2020-05-08T19:09:47.000Z,"Gripe espanhola de 1918 deixou legado √† pandemia do coronav√≠rus em 2020, afirmam pesquisadoras da UFPR https://t.co/dXHgCEVhZI",23978439,1258836511388241921,4,0,22,0,
1258508551997190144,2020-05-07T21:26:35.000Z,Universidades federais no combate √† Covid-19! #paCTopelavida @SBPCnet https://t.co/2PqSIwhRYN,23978439,1258508551997190144,34,0,74,7,
1258508172467159040,2020-05-07T21:25:04.000Z,S√≥ se combate a Covid-19 com CI√äNCIA! #MarchaVirtualpelaCiencia #paCTopelavida @SBPCnet,23978439,1258508172467159040,42,0,83,2,
1258384507390042113,2020-05-07T13:13:40.000Z,"Debates online, tuita√ßos e avatares digitais em frente ao Congresso Nacional: a marcha deste 7 de maio chama a aten√ß√£o para a import√¢ncia da ci√™ncia no enfrentamento da pandemia de Covid-19.
Participe! @SBPCnet
#MarchaVirtualPelaCi√™ncia #paCTopelavida #fiqueemcasacomci√™ncia https://t.co/iBW9OshoDd",23978439,1258384507390042113,9,0,26,1,
1258167135953719297,2020-05-06T22:49:55.000Z,Especialistas refor√ßam papel da ci√™ncia no combate ao novo coronav√≠rus #MarchaVirtualpelaCiencia https://t.co/OmMQt46CAd,23978439,1258167135953719297,2,0,9,0,
1257728390876053504,2020-05-05T17:46:30.000Z,Complexo HC realiza pesquisas sobre tratamento e testes para Covid-19 https://t.co/Gxfc2BOBb0,23978439,1257728390876053504,2,0,24,0,
1255551559670390784,2020-04-29T17:36:33.000Z,Acad√™micos da UFPR atuam no combate ao COVID-19 na Regional de Sa√∫de de Curitiba https://t.co/1ghcGHIHBL,23978439,1255551559670390784,3,0,12,1,
1255241117399908362,2020-04-28T21:02:58.000Z,"Os pesquisadores observaram que uma sequ√™ncia de dias com grande n√∫mero de casos da Covid-19 em Curitiba ocorreu 2 semanas depois que a radia√ß√£o solar m√©dia caiu na capital.
Veja os detalhes na reportagem exibida no Meio Dia PR, da @rpcparana ‚¨áÔ∏è
https://t.co/TQRuFJzXRL",23978439,1255241117399908362,5,0,26,2,
1255193584917192706,2020-04-28T17:54:05.000Z,Revista cientifica editada na UFPR lan√ßa s√©rie sobre experi√™ncias de enfermeiros contra o coronav√≠rus https://t.co/6qzTisVrth,23978439,1255193584917192706,2,0,15,0,
1253743452757676039,2020-04-24T17:51:47.000Z,Estudo liderado pela UFPR aponta como demora pode derrubar efic√°cia de a√ß√µes contra mortes por covid-19 https://t.co/bZcsnbGa1W,23978439,1253743452757676039,8,0,27,0,
1252286271327797249,2020-04-20T17:21:28.000Z,N√∫cleo de Estudos da UFPR divulga mapas sobre COVID-19 no PR e aponta r√°pida evolu√ß√£o da doen√ßa https://t.co/ACNzwxew3H,23978439,1252286271327797249,5,0,31,0,
1252277565957517313,2020-04-20T16:46:52.000Z,P√≥s-Gradua√ß√µes da UFPR receber√£o bolsas para enfrentamento da Covid-19. Conhe√ßa projetos que poder√£o ser desenvolvidos https://t.co/W2l8GeIhOX,23978439,1252277565957517313,1,0,16,1,
1250855794616283141,2020-04-16T18:37:15.000Z,"Um grupo de estudantes, m√©dicos residentes e professores da UFPR est√£o auxiliando a popula√ß√£o com orienta√ß√µes sobre o novo coronav√≠rus atrav√©s do Disk Covid-19, pelo telefone 3212-5800. Saiba mais: https://t.co/4fmQWbszO1 https://t.co/YzWbPk9qXW",23978439,1250855794616283141,8,1,39,0,
1250455125740707840,2020-04-15T16:05:08.000Z,"Com verba extra e parcerias, UFPR intensifica produ√ß√£o de √°lcool contra Covid-19  https://t.co/UsOTfjU3og",23978439,1250455125740707840,5,0,41,0,
1250146473175658497,2020-04-14T19:38:40.000Z,Vitamina D para evitar o coronav√≠rus? Especialista responde d√∫vidas sobre o tema https://t.co/xPDGKhTo0Q,23978439,1250146473175658497,3,0,8,0,
1250115902105956358,2020-04-14T17:37:11.000Z,"Cuidado com as fake news!
Se voc√™ tem d√∫vidas sobre o novo coronav√≠rus, recorra √† ci√™ncia.
Pergunte aos cientistas da UFPR ‚¨áÔ∏è

A campanha √© uma a√ß√£o da Ag√™ncia Escola de Comunica√ß√£o P√∫blica UFPR ‚ù§Ô∏è
https://t.co/rtmiebynwm",23978439,1250115902105956358,6,0,29,0,
1249712281027567627,2020-04-13T14:53:20.000Z,"45 professores de Medicina da UFPR trabalhar√£o como volunt√°rios na linha de frente do combate √† Covid-19 no Hospital de Cl√≠nicas.

√â tempo de solidariedade, empatia e uni√£o ‚ù§
https://t.co/XSMRAJoVGg",23978439,1249712281027567627,12,1,113,2,
1248741262305492996,2020-04-10T22:34:52.000Z,Pesquisadores da UFPR assinam documento pressionando por mais testes para COVID-19 https://t.co/UfZa5i9CGx,23978439,1248741262305492996,9,0,50,0,
1248368411035435008,2020-04-09T21:53:17.000Z,"A UFPR recebeu mais de 3 milh√µes de reais do governo federal para desenvolver projetos de pesquisa e realizar a√ß√µes de combate ao novo coronav√≠rus. 
A verba ser√° empregada para a produ√ß√£o de √°lcool gel, m√°scaras, fabrica√ß√£o de testes e demais a√ß√µes para enfrentamento da Covid-19. https://t.co/YkDrPl48G9",23978439,1248368411035435008,11,1,120,3,
1247936365733515264,2020-04-08T17:16:29.000Z,UFPR recebe mais de tr√™s milh√µes de reais para a√ß√µes de combate ao coronav√≠rus https://t.co/QpJfR0HhQm,23978439,1247936365733515264,4,1,42,0,
1247917503814262785,2020-04-08T16:01:32.000Z,Complexo Hospital de Cl√≠nicas √© habilitado por Secretaria de Sa√∫de para testar Covid-19 https://t.co/krQQRrGGhg,23978439,1247917503814262785,4,0,27,0,
1247591870148087809,2020-04-07T18:27:35.000Z,Lideran√ßa da UFPR no combate √† pandemia propicia a√ß√µes institucionais articuladas entre pesquisadores e sociedade https://t.co/BdgGYyC5Nd,23978439,1247591870148087809,1,0,9,0,
1247564512707969024,2020-04-07T16:38:53.000Z,"Segundo dados da Web Of  Science, divulgados pela Fapesp (Funda√ß√£o de Amparo √† Pesquisa de S√£o Paulo), a UFPR est√° entre as 11 institui√ß√µes com o maior n√∫mero de publica√ß√µes sobre o coronav√≠rus no Brasil. 

Saiba mais: https://t.co/7M76lx5UI3 https://t.co/uAVr89PQxP",23978439,1247564512707969024,13,2,50,0,
1247267421020356609,2020-04-06T20:58:20.000Z,Pesquisadores da UFPR estudam testes r√°pidos da doen√ßa Covid-19 https://t.co/Zfpg71br6e,23978439,1247267421020356609,12,0,39,0,
1247213415610888192,2020-04-06T17:23:45.000Z,@pfvrparem ü§úü§õhttps://t.co/0Kxjl0GRED,23978439,1247212105167757314,1,0,5,0,24011802
1246514067415670785,2020-04-04T19:04:47.000Z,"A orienta√ß√£o de cientistas, m√©dicos e especialistas √©: evitar ou reduzir o contato social √© uma das medidas mais eficientes para minimizar a circula√ß√£o do coronav√≠rus.

#EuFicoEmCasa

Original: https://t.co/jCdy3jK3D7 
Adapta√ß√£o: Juliano de Oliveira Silveira https://t.co/wX063M9z3s",23978439,1246514067415670785,34,0,106,2,
1246501253347147778,2020-04-04T18:13:52.000Z,‚Äú√â verdade que todos v√£o pegar coronav√≠rus?‚Äù: cientistas da UFPR respondem novas perguntas da sociedade https://t.co/E0dJIUpYNH,23978439,1246501253347147778,7,0,22,0,
1246444138792435719,2020-04-04T14:26:55.000Z,"O distanciamento social √© a chave pra minimizar os efeitos do v√≠rus!
Quanto menos as pessoas circularem, menos chance elas ter√£o de se contaminarem ou de espalharem o v√≠rus. 
N√£o √© achismo. √â ci√™ncia.

Saiba mais: https://t.co/H9tYhAKdfJ https://t.co/lz7rszD2Dx",23978439,1246444138792435719,7,0,52,1,
1246439828167811072,2020-04-04T14:09:47.000Z,"Distanciamento social pode conter Coronav√≠rus, alerta cientista da UFPR https://t.co/WzZWa2YzvC",23978439,1246439828167811072,6,0,30,1,
1246230610496098304,2020-04-04T00:18:26.000Z,Centro de escrita da UFPR abre inscri√ß√µes para traduzir artigos cient√≠ficos sobre Covid-19 de qualquer institui√ß√£o https://t.co/hDkyvPWRZH,23978439,1246230610496098304,9,0,44,0,
1245790937701396482,2020-04-02T19:11:19.000Z,UFPR disponibiliza link com artigos cient√≠ficos traduzidos sobre Coronav√≠rus https://t.co/0L5zC1vxzi,23978439,1245790937701396482,23,1,50,0,
1245781243075100672,2020-04-02T18:32:48.000Z,Projeto da UFPR de combate ao coronav√≠rus em unidades carcer√°rias √© contemplado em chamada p√∫blica https://t.co/qI00JTNfzt,23978439,1245781243075100672,4,0,21,0,
1245776625083600904,2020-04-02T18:14:27.000Z,Projeto da UFPR faz vaquinha para expandir produ√ß√£o de protetores faciais hospitalares contra a Covid-19 https://t.co/XVwSKooSq8,23978439,1245776625083600904,14,1,43,0,
1245365780990119937,2020-04-01T15:01:54.000Z,UFPR participa da produ√ß√£o de m√°scaras de prote√ß√£o ao Coronav√≠rus em impressoras 3D https://t.co/mMGfBwBXq9,23978439,1245365780990119937,10,0,43,0,
1245179070964551680,2020-04-01T02:39:59.000Z,Estudante da UFPR cria ferramenta para mapear casos de coronav√≠rus https://t.co/0Kxjl0GRED via @cbncuritiba,23978439,1245179070964551680,10,0,63,0,
1245074252593758210,2020-03-31T19:43:28.000Z,Coronav√≠rus: Est√°dio do Coritiba ser√° alojamento para profissionais do HC de Curitiba | Blog da Nadja | Globoesporte https://t.co/Wca0PAnh5R,23978439,1245074252593758210,30,1,135,2,
1244051357449031680,2020-03-28T23:58:51.000Z,Coronav√≠rus: cientistas da UFPR d√£o 10 dicas para quem precisa ir ao supermercado - Bem Paran√° https://t.co/Y0DiF1znLX,23978439,1244051357449031680,14,0,42,1,
1243923966026276866,2020-03-28T15:32:39.000Z,"Ida ao mercado, caminhada e imunidade: cientistas da UFPR respondem novas perguntas da sociedade sobre coronav√≠rus https://t.co/BgdyU3vg0I",23978439,1243923966026276866,11,1,26,0,
1243711469507743747,2020-03-28T01:28:16.000Z,"Produ√ß√£o de m√°scaras de prote√ß√£o para profissionais de sa√∫de que est√£o na linha de frente do combate √† Covid-19 pelos servidores e alunos do campus de Jandaia do Sul da UFPR üéâ‚ù§

Juntos somos mais fortes! Sempre! ü§úü§õ https://t.co/33qcIbd7Eq",23978439,1243711469507743747,30,2,224,4,
1243636874444505101,2020-03-27T20:31:51.000Z,Saiba como enviar texto e v√≠deos sobre a√ß√µes da UFPR de combate ao Coronav√≠rus https://t.co/RUZ5GeUhok,23978439,1243636874444505101,1,0,6,0,
1243591452048924672,2020-03-27T17:31:21.000Z,Animais de estima√ß√£o n√£o adquirem Covid-19; tutores doentes n√£o devem ter contato com humanos ou animais https://t.co/3BYGPX52oX,23978439,1243591452048924672,2,0,18,0,
1243588714225381378,2020-03-27T17:20:28.000Z,"Podcast ‚ÄúFala, Cientista!‚Äù lan√ßa s√©rie especial sobre coronav√≠rus https://t.co/q5tgl3CatF",23978439,1243588714225381378,6,0,29,2,
1243540656506757134,2020-03-27T14:09:31.000Z,Conhe√ßa Corin: UFPR lan√ßa rob√¥ que esclarece d√∫vidas e apresenta a√ß√µes de combate aos Coronav√≠rus   https://t.co/TxB32D8Weh,23978439,1243540656506757134,10,0,39,3,
1243244132761550849,2020-03-26T18:31:14.000Z,"Pandemia da Covid-19 ocasiona aumento de ciberataques, alertam especialistas https://t.co/h4AAAPp8av",23978439,1243244132761550849,5,0,15,0,
1242512822241804289,2020-03-24T18:05:16.000Z,Estudantes de Medicina da UFPR auxiliam rede de sa√∫de no combate √† dengue e ao Coronav√≠rus https://t.co/tvMZ2etrVp,23978439,1242512822241804289,5,2,49,0,
1241929820566687744,2020-03-23T03:28:37.000Z,"Pra dormir com o cora√ß√£o quentinho‚ù£

Os profissionais da sa√∫de em plant√£o no Hospital de Cl√≠nicas da UFPR, por conta da Covid-19, receberam a doa√ß√£o de 30 pizzas da @supimpacasualfood.
E muito amor tamb√©m üòä

√â tempo de solidariedade, empatia e uni√£o‚ù£ https://t.co/GUYvS3N7S6",23978439,1241929820566687744,257,11,1384,32,
1241539717264560135,2020-03-22T01:38:29.000Z,"Equipe treinada e equipada da UTI dedicada ao Covid-19 no Hospital de Cl√≠nicas da UFPR.

Muito orgulho e gratid√£o por voc√™s ‚ù£ https://t.co/Kim3DveawQ",23978439,1241539717264560135,44,5,551,10,
1241093317544284165,2020-03-20T20:04:39.000Z,Cientistas da UFPR esclarecem d√∫vidas da sociedade sobre coronav√≠rus https://t.co/j9RopQka0C,23978439,1241093317544284165,5,0,18,0,
1240644703118385153,2020-03-19T14:22:01.000Z,Caso suspeito no Setor Palotina da UFPR atesta negativo para Covid-19 https://t.co/gkWD3mpivZ,23978439,1240644703118385153,11,0,58,2,
1240026988397711362,2020-03-17T21:27:27.000Z,Transmiss√£o comunit√°ria do Coronav√≠rus: o que √© e por que preocupa https://t.co/7sluOXpqqk,23978439,1240026988397711362,4,0,11,0,
1240012577738031106,2020-03-17T20:30:11.000Z,Projeto de extens√£o da UFPR mapeia Coronav√≠rus no estado do Paran√° https://t.co/9wRZQtonw7,23978439,1240012577738031106,19,1,67,1,
1239983574482407429,2020-03-17T18:34:56.000Z,"Distanciamento social pode conter Coronav√≠rus, alerta cientista da UFPR https://t.co/WzZWa2YzvC",23978439,1239983574482407429,18,1,44,1,
1239971178254454787,2020-03-17T17:45:41.000Z,Atividades de extens√£o e cultura da UFPR s√£o afetadas devido a estado de alerta por coronav√≠rus https://t.co/XiP0P1HWjl,23978439,1239971178254454787,1,0,16,0,
1239725035633414144,2020-03-17T01:27:36.000Z,"Acompanhe novo pronunciamento do reitor @ricardo_marcelo sobre os encaminhamentos adotados para enfrentamento do 
COVID-19 na universidade.
V√≠deo na √≠ntegra: https://t.co/af10aObCYe https://t.co/4MWz3qn96p",23978439,1239725035633414144,23,2,98,2,
1239265108527853568,2020-03-15T19:00:00.000Z,Acompanhe pronunciamento do reitor Ricardo Marcelo Fonseca sobre a suspens√£o das aulas da UFPR por conta do coronavirus. https://t.co/syKeNOoh6c,23978439,1239265108527853568,85,11,395,13,
1238611552837697539,2020-03-13T23:43:01.000Z,"Acompanhe o comunicado do reitor @ricardo_marcelo sobre a reuni√£o de emerg√™ncia desta tarde, em rela√ß√£o ao coronav√≠rus no √¢mbito da universidade. https://t.co/nX90HZcbHn",23978439,1238611552837697539,57,5,244,9,
1238525537741668353,2020-03-13T18:01:13.000Z,"Acontece agora, reuni√£o de emerg√™ncia convocada pelo reitor com a Comiss√£o de Acompanhamento e Controle de Propaga√ß√£o do Coronav√≠rus, diretores de setor de todos os campi, pr√≥-reitores e superintendentes, para avalia√ß√£o das condi√ß√µes de enfrentamento do COVID-19 na institui√ß√£o.",23978439,1238525537741668353,38,19,500,32,
1238467655624994816,2020-03-13T14:11:13.000Z,UFPR adota medidas de preven√ß√£o ao Coronav√≠rus https://t.co/0zmDtKrfAv,23978439,1238467655624994816,17,8,69,2,
1238071687314358272,2020-03-12T11:57:47.000Z,UFPR cria comiss√£o para acompanhar e prevenir Coronav√≠rus https://t.co/KfbSOofAuq,23978439,1238071687314358272,5,0,49,1,
1237721904779268096,2020-03-11T12:47:52.000Z,MEC orienta comunidade acad√™mica para preven√ß√£o contra o Coronav√≠rus https://t.co/ODFhZKkW8M,23978439,1237721904779268096,3,0,11,0,
1235303927719092225,2020-03-04T20:39:41.000Z,Coronav√≠rus: UFPR informa comunidade e alerta para preven√ß√£o https://t.co/4B2fnZKwD1,23978439,1235303927719092225,5,1,17,0,
