id,created_at,text,conversation_id,author_id,public_metrics/retweet_count,public_metrics/reply_count,public_metrics/like_count,public_metrics/quote_count,in_reply_to_user_id
944259490785955841,2017-12-22T17:33:00.000Z,Professores Ricardo Marcelo e Maur√≠cio Galeb lan√ßam livro sobre a greve geral de 1917 https://t.co/cjpOGhCJa3,944259490785955841,23978439,1,0,1,0,
944258063246209024,2017-12-22T17:27:20.000Z,UFPR encerra 2017 com balan√ßo positivo e conquistas importantes https://t.co/XxdAq6TSh6,944258063246209024,23978439,1,1,4,0,
943903609682612224,2017-12-21T17:58:52.000Z,Professor da UFPR √© inclu√≠do em pante√£o internacional de Esperanto https://t.co/VzlblMlBxN,943903609682612224,23978439,0,0,3,0,
943897189981581313,2017-12-21T17:33:21.000Z,PRPPG recebe at√© 15/1 inscri√ß√µes de laboratoristas para o Programa Bolsa T√©cnico 2018 https://t.co/AduWz5biBD,943897189981581313,23978439,0,0,3,0,
943892678189699072,2017-12-21T17:15:25.000Z,P√≥s-Gradua√ß√£o em Engenharia de Bioprocessos e Biotecnologia abre inscri√ß√µes para processo seletivo https://t.co/HjT2QIjyEL,943892678189699072,23978439,0,0,4,0,
943892606974676993,2017-12-21T17:15:08.000Z,"Especializa√ß√£o em Quest√£o Social, do Setor Litoral, est√° com inscri√ß√µes abertas https://t.co/m2Ae1yyl3s",943892606974676993,23978439,1,0,0,0,
943881141852999680,2017-12-21T16:29:35.000Z,Libera√ß√£o de recursos da Finep permitir√° retomada de investimentos da UFPR em pr√©dios e equipamentos para pesquisa https://t.co/Y3AWXFuZbo,943881141852999680,23978439,1,0,3,0,
943876008553406464,2017-12-21T16:09:11.000Z,Funcionamento da linha Intercampi ter√° altera√ß√µes durante as f√©rias https://t.co/9CqJRVntRt,943876008553406464,23978439,1,0,1,0,
943188654561906689,2017-12-19T18:37:53.000Z,"Em 20 anos, Programa Ci√™ncia vai √† Escola recebeu 150 mil estudantes, aproximando a UFPR do ensino b√°sico https://t.co/GkGi2ZLMu8",943188654561906689,23978439,0,0,4,0,
943164523510460416,2017-12-19T17:02:00.000Z,@leonardobilek üòç,943160242573111296,23978439,0,0,0,0,405109274
943158183882821633,2017-12-19T16:36:48.000Z,Grupos art√≠sticos da UFPR lan√ßam processo seletivo para novos integrantes https://t.co/aXo5K2AmCl,943158183882821633,23978439,1,0,4,0,
943085320999985153,2017-12-19T11:47:16.000Z,"√â hoje!! 105 anos de hist√≥ria e muito orgulho! PARAB√âNS, UFPR üéâüéàüéàüéâ https://t.co/IrySO4DbEE",943085320999985153,23978439,33,2,103,10,
942909676349509633,2017-12-19T00:09:19.000Z,@carolandchaos J√° tem üòä,942893997940531201,23978439,0,0,1,0,95695743
942908958272053248,2017-12-19T00:06:28.000Z,"@_yedki Elas s√≥ ficaram no ar at√© ontem, dia 17, conforme previsto em edital",942902040652603394,23978439,0,1,1,0,392088036
942843733564907520,2017-12-18T19:47:17.000Z,Alunos da Turma Honors de √Ålgebra Linear recebem certificados de aprova√ß√£o https://t.co/3kxkrjoJvq,942843733564907520,23978439,0,0,3,0,
942821442286247936,2017-12-18T18:18:43.000Z,#UFPRNaM√≠dia https://t.co/uqOijtcrXK,942821442286247936,23978439,2,0,5,1,
942809152224747520,2017-12-18T17:29:53.000Z,#UFPRNaM√≠dia UFPR se transforma no principal polo da tradu√ß√£o brasileira https://t.co/8Rk7N5JpR4,942809152224747520,23978439,7,0,31,1,
942792530139271168,2017-12-18T16:23:50.000Z,PRAE lan√ßa edital para garantir aux√≠lio refei√ß√£o no per√≠odo de fechamento dos Restaurantes Universit√°rios de Curitiba https://t.co/m5pk9vXUqa,942792530139271168,23978439,1,0,2,0,
942710141585166336,2017-12-18T10:56:27.000Z,UFPR solidariza-se com comunidade da Unila pela morte de estudantes https://t.co/tkWIUJT0l5,942710141585166336,23978439,0,0,5,0,
941770021101015040,2017-12-15T20:40:44.000Z,PRAE lan√ßa edital para garantir Aux√≠lio Refei√ß√£o no per√≠odo de fechamento dos Restaurantes Universit√°rios de Curitiba https://t.co/m5pk9vXUqa,941770021101015040,23978439,0,0,3,0,
941769959658655744,2017-12-15T20:40:30.000Z,Vestibulandos t√™m at√© domingo (17) para conferir provas da segunda fase corrigidas e apresentar recurso https://t.co/HIoymi3ebP,941769959658655744,23978439,2,0,7,0,
941710376986660864,2017-12-15T16:43:44.000Z,UFPR celebra 105 anos fazendo contundente defesa das universidades p√∫blicas federais https://t.co/W0F3gNiV2T,941710376986660864,23978439,2,0,10,1,
941381109568425984,2017-12-14T18:55:21.000Z,UFPR mant√©m lideran√ßa entre as universidades paranaenses na m√©dia geral do √çndice Geral de Cursos (IGC) do Inep https://t.co/aC50ZW1Wfl,941381109568425984,23978439,4,0,13,1,
941360167093964800,2017-12-14T17:32:08.000Z,"Com pr√™mio APCA 2017 para Guilherme Flores, professores da UFPR somam nove pr√™mios nacionais de tradu√ß√£o https://t.co/T194gss5Gz",941360167093964800,23978439,1,0,4,0,
941354286507790344,2017-12-14T17:08:46.000Z,Estudante de medicina desenvolve aplicativo que auxilia o aprendizado https://t.co/7vqWFJBySo,941354286507790344,23978439,0,0,4,0,
941306428983259136,2017-12-14T13:58:35.000Z,Coun aprova mo√ß√£o de apoio em defesa do PIBID https://t.co/WgnoZ1hWdX,941306428983259136,23978439,2,0,3,0,
941040866000556033,2017-12-13T20:23:20.000Z,Nova resolu√ß√£o garante mais transpar√™ncia e reduz burocracia na rela√ß√£o da UFPR com funda√ß√µes https://t.co/hv4TQKCKj5,941040866000556033,23978439,2,0,3,0,
941027008041115649,2017-12-13T19:28:16.000Z,Capes recebe de pesquisadores da UFPR vers√£o cient√≠fica de software que monitora c√¢ncer causado por amianto https://t.co/QF4B2f7rPO,941027008041115649,23978439,0,0,4,0,
941026895361138689,2017-12-13T19:27:49.000Z,Professora da UFPR recebe pr√™mio em Olimp√≠ada de Anatomia https://t.co/2GnjicQHzI,941026895361138689,23978439,0,0,7,1,
941024363591106561,2017-12-13T19:17:46.000Z,Servi√ßo de Alergia Pedi√°trica do HC √© o primeiro do Pa√≠s reconhecido internacionalmente como centro de excel√™ncia https://t.co/YoX2eel91e,941024363591106561,23978439,0,0,3,0,
940987836291014658,2017-12-13T16:52:37.000Z,Doutoranda da UFPR √© campe√£ com o Brasil na Copa Intercontinental de Futebol 7 https://t.co/sTMRQDbm5G,940987836291014658,23978439,0,0,4,0,
940712873545863168,2017-12-12T22:40:01.000Z,Falta 1 m√™s! O Agr√°rias ser√° pequeno pra tantos calouros e calouras üòç https://t.co/QKoT8FHPr9,940712873545863168,23978439,4,0,50,14,
940680512192081925,2017-12-12T20:31:25.000Z,Inscritos no Enade que faltaram √† prova precisam justificar aus√™ncia para garantir diploma https://t.co/ncOVGnYqja,940680512192081925,23978439,0,0,2,0,
940663385854824448,2017-12-12T19:23:22.000Z,"Nova vers√£o do Sistema Eletr√¥nico de Informa√ß√µes ser√° lan√ßada na sexta-feira, 15/12 https://t.co/TzaRE4t92X",940663385854824448,23978439,2,0,4,0,
940636497476190209,2017-12-12T17:36:31.000Z,Solenidade nesta quinta-feira celebra os 105 anos da UFPR https://t.co/QUAnHShpXS,940636497476190209,23978439,1,0,5,0,
940630379416956928,2017-12-12T17:12:13.000Z,Falta 1 m√™s üòç https://t.co/8a8zJ4GoaT,940630379416956928,23978439,10,2,26,0,
940627821818531842,2017-12-12T17:02:03.000Z,@xbwxx_ qual resultado?,940625466012196866,23978439,0,1,0,0,155995975
940626929450934272,2017-12-12T16:58:30.000Z,Programa de P√≥s-Gradua√ß√£o em Contabilidade da UFPR aprova a primeira tese de doutorado da √°rea no Paran√° https://t.co/y8YOcG5iWV,940626929450934272,23978439,1,0,7,0,
940293629117128704,2017-12-11T18:54:05.000Z,Pesquisa de inicia√ß√£o cient√≠fica da UFPR  vira exposi√ß√£o no MON https://t.co/QrZeUNY2Hv,940293629117128704,23978439,0,0,4,0,
940290998420295680,2017-12-11T18:43:38.000Z,Alunos da UFPR presenteiam crian√ßas com brinquedos  arrecadados em campanha solid√°ria https://t.co/kXFlvAXbmL,940290998420295680,23978439,0,0,5,0,
940272437643628545,2017-12-11T17:29:53.000Z,Escola de Altos Estudos em Micologia Cl√≠nica est√° com inscri√ß√µes abertas https://t.co/jYvmG7olNY,940272437643628545,23978439,0,0,1,0,
940261854424772609,2017-12-11T16:47:49.000Z,Olimp√≠ada Paranaense de Matem√°tica 2017 premia estudantes e escolas https://t.co/eJT70Puakl,940261854424772609,23978439,0,0,7,0,
940218223131287553,2017-12-11T13:54:27.000Z,"Comunidade da UFPR lamenta falecimento de Paulo de Souza Rolim, um dos fundadores da Asufepar https://t.co/KtOW1aNqPY",940218223131287553,23978439,1,0,4,0,
939229617172467712,2017-12-08T20:26:05.000Z,Servidor da UFPR com defici√™ncia visual defende disserta√ß√£o de mestrado em Filosofia https://t.co/fY8TOPAi3V,939229617172467712,23978439,2,0,3,1,
939217823645171724,2017-12-08T19:39:13.000Z,"RU Central fecha a partir de 11/12; √¥nibus levar√£o alunos para refei√ß√µes no Polit√©cnico, confira os hor√°rios https://t.co/EmpV2YNKmN",939217823645171724,23978439,0,0,2,0,
939208932991610880,2017-12-08T19:03:53.000Z,Farm√°cia Escola promove a√ß√£o de fotoeduca√ß√£o para conscientizar sobre a exposi√ß√£o solar https://t.co/6JJvVZIqeQ,939208932991610880,23978439,0,0,3,0,
938918449048322050,2017-12-07T23:49:37.000Z,UFPR participa de audi√™ncia p√∫blica no Senado Federal em defesa do Pibid https://t.co/NbN0NGXKiT,938918449048322050,23978439,0,0,7,0,
938817271534903297,2017-12-07T17:07:34.000Z,Rela√ß√£o entre temperatura e casos de dengue em Curitiba √© tema de artigo assinado por bolsistas de IC do LaboClima https://t.co/HeTzsOC16q,938817271534903297,23978439,0,0,3,0,
938816794604777472,2017-12-07T17:05:40.000Z,Projeto de extens√£o leva estudantes de Direito para competi√ß√µes internacionais sobre direitos humanos https://t.co/3cEDHcOLcW,938816794604777472,23978439,0,0,3,0,
938809332665344000,2017-12-07T16:36:01.000Z,Antonio Mangrich √© eleito membro titular da Academia Brasileira de Ci√™ncias https://t.co/UugiOV0vbk,938809332665344000,23978439,0,0,2,0,
938530319799635968,2017-12-06T22:07:19.000Z,Nota do reitor Ricardo Marcelo Fonseca: UM ANO DE ATAQUES CONTRA AS UNIVERSIDADES P√öBLICAS BRASILEIRAS https://t.co/ofGp9hI4ef,938530319799635968,23978439,14,0,13,1,
938489695138443264,2017-12-06T19:25:54.000Z,"7¬∫ Campeonato Paranaense revive magia do  ‚Äúcubo m√°gico‚Äù, neste final de semana, na UFPR https://t.co/WE2oSroeFy",938489695138443264,23978439,0,0,1,0,
938478463173910533,2017-12-06T18:41:16.000Z,Aluno de Agronomia da UFPR transforma TCC em microempresa de frutas secas https://t.co/DJWfcgeQVo,938478463173910533,23978439,1,0,3,0,
938447678500941824,2017-12-06T16:38:56.000Z,Novo edital financia cria√ß√£o de jogos educacionais virtuais com at√© R$ 100 mil https://t.co/AzevYwaoJg,938447678500941824,23978439,1,0,6,0,
938129834236096517,2017-12-05T19:35:56.000Z,UFPR vai ofertar 1.447 vagas para ingresso via Sisu em 2018 https://t.co/gDC46jwmBW,938129834236096517,23978439,4,0,10,0,
938085534165061633,2017-12-05T16:39:54.000Z,Curso de Licenciatura em Qu√≠mica de Pontal do Paran√° adquire espectr√¥metro de Resson√¢ncia Magn√©tica Nuclear https://t.co/MucwduW6lB,938085534165061633,23978439,2,0,3,0,
937774040474845185,2017-12-04T20:02:08.000Z,Pr√≥-Reitoria de Extens√£o e Cultura da UFPR lan√ßa 6¬™ edi√ß√£o do TOM https://t.co/1ZQ9A9QuBF,937774040474845185,23978439,0,0,4,0,
937765182872354816,2017-12-04T19:26:57.000Z,SEI ficar√° fora do ar entre os dias 8 (sexta) e 12 (domingo) https://t.co/rMbgHx9xcu,937765182872354816,23978439,1,0,0,0,
937761185352568832,2017-12-04T19:11:04.000Z,Exposi√ß√£o de fotos marca comemora√ß√µes do Dia Mundial do Solo https://t.co/8P6xSIGHvR,937761185352568832,23978439,0,0,3,0,
937744494291836928,2017-12-04T18:04:44.000Z,"Vestibular 2017/2018: mudan√ßas no processo de valida√ß√£o de autodeclara√ß√µes tiveram efeitos positivos, avaliam participantes https://t.co/0VqnighcAd",937744494291836928,23978439,1,0,0,0,
937729203532894208,2017-12-04T17:03:58.000Z,Doutorando da UFPR lan√ßa livro sobre princ√≠pio da afetividade no Direito da Fam√≠lia https://t.co/KeYfBMjwfv,937729203532894208,23978439,0,0,4,0,
937729004982939650,2017-12-04T17:03:11.000Z,UFPR e Universidade de Lisboa discutem forma√ß√£o de alian√ßa https://t.co/eniycjz0l3,937729004982939650,23978439,1,0,6,0,
937720664538173441,2017-12-04T16:30:03.000Z,Curso de Odontologia celebra 105 anos https://t.co/tCMDTKpPxC,937720664538173441,23978439,0,0,1,0,
936689435881693185,2017-12-01T20:12:19.000Z,"L√©o, comunique a Pr√≥-reitoria de Administra√ß√£o no n√∫mero 99176-1341 https://t.co/5BDZZ24KKw",936689435881693185,23978439,0,1,3,0,
936686844921737216,2017-12-01T20:02:01.000Z,UFPR e Universidade de Lisboa discutem forma√ß√£o de alian√ßa https://t.co/eniycjz0l3,936686844921737216,23978439,0,1,5,0,
936652491697152000,2017-12-01T17:45:30.000Z,Mestranda de Design se destaca em revista cient√≠fica com artigo sobre mapas geogr√°ficos t√°teis https://t.co/9XC1zSdivn,936652491697152000,23978439,0,0,4,0,
936619416128839681,2017-12-01T15:34:05.000Z,Ex-aluna da UFPR ganha pr√™mio por pesquisa pioneira em impress√£o 3D de modelos de pele de animais https://t.co/gFwRyE5mAO,936619416128839681,23978439,2,0,12,1,
936294309309100033,2017-11-30T18:02:13.000Z,"@anactedesco Vai sair viva, sim =)",936289751287648256,23978439,0,1,5,0,985291674
936281988494917632,2017-11-30T17:13:15.000Z,Projeto que ensina l√≠ngua portuguesa para refugiados e migrantes √© selecionado em edital nacional de financiamento https://t.co/tTyIGFzU5x,936281988494917632,23978439,5,1,35,0,
936280894888869888,2017-11-30T17:08:55.000Z,Estudantes da UFPR s√£o premiados em concurso para jovens cineastas https://t.co/vSRGcOIUHY,936280894888869888,23978439,0,0,3,0,
936275712847302659,2017-11-30T16:48:19.000Z,UFPR instala novos paraciclos para comunidade universit√°ria https://t.co/RlG8nCA96v,936275712847302659,23978439,1,0,2,0,
936275071106191360,2017-11-30T16:45:46.000Z,Publica√ß√£o mostra import√¢ncia das universidades federais para a sociedade brasileira e impacto dos cortes or√ßament√°rios https://t.co/5HujYwue2G,936275071106191360,23978439,2,0,5,0,
935908064632373248,2017-11-29T16:27:25.000Z,"Cria√ß√£o da Superintend√™ncia de Inclus√£o, Pol√≠ticas Afirmativas e Diversidade coloca UFPR na vanguarda da defesa da cidadania e direitos humanos https://t.co/nnfnQz35mb",935908064632373248,23978439,2,0,2,1,
935592849390948352,2017-11-28T19:34:52.000Z,"Concerto no dia 1¬∞ celebra 80 anos da Faculdade de Filosofia, Ci√™ncias e Letras do Paran√° https://t.co/PSRfIWNtcb",935592849390948352,23978439,1,0,5,0,
935571625847742465,2017-11-28T18:10:32.000Z,Prorrogado at√© o dia 30 o prazo para t√©cnicos e docentes avaliarem o Sistema Eletr√¥nico de Informa√ß√£o https://t.co/1fqkO5Iauo,935571625847742465,23978439,0,0,1,0,
935567102429286401,2017-11-28T17:52:33.000Z,"Nas oficinas da PRAE, alunos ajudam outros estudantes a superar dificuldades em Exatas https://t.co/C69lVS88dG",935567102429286401,23978439,1,0,1,0,
935546834499588097,2017-11-28T16:32:01.000Z,As defini√ß√µes de ansiedade foram atualizadas https://t.co/JMTC57Tncd,935546834499588097,23978439,23,2,79,13,
935332781508481031,2017-11-28T02:21:27.000Z,"@JvTaborda O processo seletivo do curso de matem√°tica tem 3 fases, n√£o apenas 2 como os demais  https://t.co/YbsJNv8c1H",935322098872016896,23978439,1,2,3,0,345022329
935239742291107840,2017-11-27T20:11:45.000Z,"UFPR registra 6,32% de faltantes no 2¬∫ dia da 2¬™ fase do Vestibular 2017/1018 https://t.co/HVS5htdnBG",935239742291107840,23978439,0,2,9,0,
935226115899224065,2017-11-27T19:17:36.000Z,Abertas as inscri√ß√µes para os programas de monitoria 2018 https://t.co/WRqGN8K6TN,935226115899224065,23978439,1,0,2,0,
935213050445094912,2017-11-27T18:25:41.000Z,UFPR est√° entre as 10 universidades mais empreendedoras do Pa√≠s https://t.co/rtg9Fs1jFk,935213050445094912,23978439,4,1,15,0,
935203358910107650,2017-11-27T17:47:10.000Z,T√©ssera Companhia de Dan√ßa apresenta ‚ÄúAquela que √©‚Äù de quarta a domingo https://t.co/SDuGuNuwqJ,935203358910107650,23978439,0,0,3,0,
935198114088091649,2017-11-27T17:26:20.000Z,"Aos 77 anos, matem√°tico Jacob Palis Jr. recebe √∫nico t√≠tulo de doutor honoris causa concedido pela UFPR em 2017 https://t.co/nWmAqasT7Z",935198114088091649,23978439,2,0,5,0,
935185171502043136,2017-11-27T16:34:54.000Z,Divulgado calend√°rio acad√™mico para 2018 https://t.co/NRnTij95UH,935185171502043136,23978439,3,0,5,0,
934880893549891586,2017-11-26T20:25:48.000Z,"Primeiro dia da 2¬™ fase do Vestibular 2017/1018  da UFPR registrou 5,43% % de desistentes, de acordo com o NC https://t.co/2gaWxrGB2w",934880893549891586,23978439,1,1,15,0,
934766685592215553,2017-11-26T12:51:59.000Z,@gabtomazi Boa UFPR,934759764504047616,23978439,0,1,17,0,83892558
934765814066155520,2017-11-26T12:48:31.000Z,Excelente 2a fase pra todo mundo! Falta pouco pra realiza√ß√£o do seu grande sonho! #VemSerUFPR https://t.co/KjdZvtq5ks,934765814066155520,23978439,19,3,88,7,
934137308856700928,2017-11-24T19:11:04.000Z,UFPR estabelece parceria com Universidade de Shinshu no Jap√£o https://t.co/rFYKjsNYUg,934137308856700928,23978439,1,0,13,0,
934136029572935681,2017-11-24T19:05:59.000Z,Encontro do Pacto Universit√°rio de Educa√ß√£o promove debate sobre direitos humanos nas institui√ß√µes de ensino https://t.co/DmYxTAIw2H,934136029572935681,23978439,1,0,6,0,
934118732275900417,2017-11-24T17:57:15.000Z,"@indeanu N√£o, j√° fizeram ontem rsrs",934011059979149319,23978439,0,0,3,0,388462132
934115470705246210,2017-11-24T17:44:17.000Z,Sistema e-M√≠dia leva informa√ß√£o e servi√ßo para a comunidade nos restaurantes universit√°rios https://t.co/W2MsaOiLJq,934115470705246210,23978439,1,0,2,0,
933780857000734721,2017-11-23T19:34:39.000Z,UFPR promove 2¬™ fase do Vestibular 2017/1018 nos dias 26 e 27 https://t.co/CsWAqBTy8z,933780857000734721,23978439,1,0,3,0,
933778838160658434,2017-11-23T19:26:38.000Z,Pibid UFPR impacta 5 mil acad√™micos e professores em oito anos; ex-bolsistas j√° retornam ao programa como professores supervisores https://t.co/ckFoMZw3sp,933778838160658434,23978439,1,0,8,0,
933775532369604608,2017-11-23T19:13:30.000Z,UFPR Pensando o Brasil: pesquisadoras debatem como a viol√™ncia de g√™nero pode ser combatida nas universidades https://t.co/Z9PoiIDLNe,933775532369604608,23978439,2,0,5,0,
933760711385329665,2017-11-23T18:14:36.000Z,Prazo para submiss√£o de propostas para programas e projetos de extens√£o termina dia 30 https://t.co/Js4UrEgb6C,933760711385329665,23978439,1,0,0,0,
933457870980567046,2017-11-22T22:11:13.000Z,N√∫cleo de Concursos da UFPR divulga ensalamento para a segunda fase do Vestibular 2017/1018 https://t.co/Dzi5d8mHUl,933457870980567046,23978439,3,4,12,0,
933416263099080706,2017-11-22T19:25:53.000Z,Professor da UFPR conquista duas medalhas no Campeonato Brasileiro Veterano de Esgrima https://t.co/HPfX8MpCPJ,933416263099080706,23978439,0,0,5,0,
933392724342034432,2017-11-22T17:52:21.000Z,UFPR mant√©m plataforma de dados on-line para pesquisas sobre educa√ß√£o https://t.co/KkPMf4s1UQ,933392724342034432,23978439,1,0,1,0,
933067181612584961,2017-11-21T20:18:46.000Z,UFPR e Universidade de Potsdam promovem simp√≥sio para lembrar 50 anos da morte de Guimar√£es Rosa https://t.co/Lfnsyhvjjq,933067181612584961,23978439,1,0,7,0,
933055416224960512,2017-11-21T19:32:01.000Z,Crian√ßas recebem √≥culos ap√≥s mutir√£o da vis√£o do Complexo Hospital de Cl√≠nicas https://t.co/QXGuol0SCy,933055416224960512,23978439,1,0,0,0,
933052483504570368,2017-11-21T19:20:22.000Z,UFPR Pensando o Brasil: viol√™ncia de g√™nero ser√° tema de debate nesta quarta-feira https://t.co/AKcuZbeicr,933052483504570368,23978439,1,0,3,0,
933038752968200197,2017-11-21T18:25:48.000Z,CAPA promove mesa redonda para desmistificar publica√ß√µes acad√™micas https://t.co/ku8DSzFlIw,933038752968200197,23978439,0,0,3,0,
933031928864952323,2017-11-21T17:58:41.000Z,Crise provocada por cortes  no or√ßamento das universidades federais √© debatida na C√¢mara dos Deputados https://t.co/CClEf0jD2Q,933031928864952323,23978439,3,0,10,0,
933010958187974657,2017-11-21T16:35:21.000Z,UFPR est√° entre as primeiras universidades do pa√≠s a usar simuladores virtuais no ensino e aprendizagem da anatomia https://t.co/if1k7mD6kA,933010958187974657,23978439,2,0,5,0,
932697405136556032,2017-11-20T19:49:24.000Z,Pacto universit√°rio sobre Direitos Humanos completa um ano com programa√ß√£o na UFPR https://t.co/LbM1efqPU6,932697405136556032,23978439,0,0,4,0,
932697341542522880,2017-11-20T19:49:09.000Z,‚â†UFPR105anos ‚Äì Minha hist√≥ria com a UFPR: Jos√© Landi de Souza Mello https://t.co/JftFNe85cU,932697341542522880,23978439,1,0,1,1,
932689119855116298,2017-11-20T19:16:29.000Z,UFPR F√≥rmula lan√ßa novo carro para competi√ß√£o nacional https://t.co/sd82EOYDzR,932689119855116298,23978439,2,0,3,1,
932677045464829953,2017-11-20T18:28:30.000Z,Programa Nacional do Livro Did√°tico recebe inscri√ß√µes de avaliadores at√© dia 27; professores da UFPR comentam as novas regras https://t.co/5YXLnMYzBc,932677045464829953,23978439,2,0,2,0,
932672281872084992,2017-11-20T18:09:34.000Z,Procuradora da UFPR recebe homenagem ‚ÄúPersonalidade Afro-Paranaense‚Äù https://t.co/Ft55ylEzck,932672281872084992,23978439,1,0,1,0,
932672066574340096,2017-11-20T18:08:43.000Z,"A UFPR defende a igualdade de oportunidades a todos e todas!
Entre 2014 e 2017 foram matriculados 7784 estudantes aprovados pelo sistema de cotas raciais. #DiaDaConscienciaNegra https://t.co/x3D4zioBSi",932672066574340096,23978439,3,1,23,1,
932652197652910090,2017-11-20T16:49:46.000Z,Pesquisa aponta UFPR como segunda universidade do Brasil em dep√≥sitos de patentes ligadas a tecnologias verdes https://t.co/1BwWDfrwFw,932652197652910090,23978439,4,0,9,0,
931609774415863810,2017-11-17T19:47:33.000Z,@raayssx üòç,931569276422639616,23978439,1,0,1,0,182517314
931607420392103936,2017-11-17T19:38:12.000Z,Grupo de Pesquisa do Departamento de Inform√°tica √© premiado na Tun√≠sia por iniciativa de transpar√™ncia p√∫blica https://t.co/OVHJ9yRV9x,931607420392103936,23978439,0,0,4,0,
931606377469898752,2017-11-17T19:34:03.000Z,@raayssx N√£o! pfv!,931569276422639616,23978439,1,1,1,0,182517314
931598079916199936,2017-11-17T19:01:05.000Z,@Cristiano_Barba üòçüòçüòçüòçüòçüòçüòç,931593781232664577,23978439,0,0,0,0,115251792
931597513584533504,2017-11-17T18:58:50.000Z,@Cristiano_Barba Divulgamos!! Olha l√° no facebook :),931593781232664577,23978439,0,1,0,0,115251792
931593781232664577,2017-11-17T18:44:00.000Z,Alunos de Direito da UFPR oferecem aulas gratuitas para aprovados na primeira fase do vestibular https://t.co/JwVfxmrG64,931593781232664577,23978439,14,3,23,2,
931579440269877249,2017-11-17T17:47:01.000Z,Centro de Estudos do Mar participa de projeto nacional que monitora fauna marinha e j√° atendeu 4.500 animais encalhados https://t.co/pg86X8wGrC,931579440269877249,23978439,2,0,6,0,
931569146504019973,2017-11-17T17:06:06.000Z,UFPR Pensando o Brasil: viol√™ncia de g√™nero ser√° tema de debate no dia 22 https://t.co/AKcuZbeicr,931569146504019973,23978439,1,0,4,0,
931566223636221952,2017-11-17T16:54:30.000Z,Grupo de MPB da UFPR apresenta espet√°culo que comemora os 50 anos da Tropic√°lia https://t.co/W1YxXIjsip,931566223636221952,23978439,0,0,3,0,
931564459826573312,2017-11-17T16:47:29.000Z,Abertas as inscri√ß√µes para o 10¬∫ Curso de Ver√£o em Farmacologia https://t.co/kil8vIJ0be,931564459826573312,23978439,0,0,1,0,
931549640884879366,2017-11-17T15:48:36.000Z,UFPR recebe Gaud√™ncio Fidelis em debate sobre a Judicializa√ß√£o da Arte https://t.co/sA0SKFU4uj,931549640884879366,23978439,1,0,4,0,
930475304673529856,2017-11-14T16:39:34.000Z,UFPR divulga lista de aprovados para segunda fase do Vestibular 2017/2018; prova discursiva ser√° no dia 26 https://t.co/5T5JTlZVS0,930475304673529856,23978439,12,4,54,4,
930153043433279488,2017-11-13T19:19:01.000Z,Vestibular 2017/2018: lista de convocados para a 2¬™ fase ser√° divulgada nesta ter√ßa (14) a partir das 14 horas https://t.co/orflsKo9nZ,930153043433279488,23978439,24,11,67,23,
930147964114423808,2017-11-13T18:58:50.000Z,UFPR oferece 12 mil mudas de arauc√°ria https://t.co/ohgM9Rdeb4,930147964114423808,23978439,0,0,2,0,
930146558468816896,2017-11-13T18:53:15.000Z,Jornada de Matem√°tica premia trabalhos em seis √°reas https://t.co/yLqk0gpnjg,930146558468816896,23978439,0,0,4,0,
930146420275007490,2017-11-13T18:52:42.000Z,UFPR lan√ßa Manual de Compras atualizado para dar mais seguran√ßa e agilidade aos processos https://t.co/0WzyvNANpY,930146420275007490,23978439,0,0,2,0,
930128517429432321,2017-11-13T17:41:34.000Z,Ciclo de palestras e exposi√ß√£o celebram o M√™s da Consci√™ncia Negra na UFPR https://t.co/w5THXS51MV,930128517429432321,23978439,6,0,1,0,
928687070750617601,2017-11-09T18:13:46.000Z,Marcha pela Ci√™ncia no Brasil acontece neste s√°bado nas escadarias do Pr√©dio Hist√≥rico da UFPR https://t.co/pNMYt8ulDL,928687070750617601,23978439,3,0,1,0,
928660762180177920,2017-11-09T16:29:14.000Z,UFPR sedia simp√≥sio internacional sobre exame que atesta profici√™ncia em L√≠ngua Portuguesa https://t.co/G9zX38N7Q1,928660762180177920,23978439,0,0,6,0,
928658963058642950,2017-11-09T16:22:05.000Z,Estudantes t√™m at√© dia 30 de novembro para avaliar a UFPR https://t.co/2YvNDXn3jd,928658963058642950,23978439,4,0,11,0,
928344449998114818,2017-11-08T19:32:19.000Z,P√≥s-Gradua√ß√£o em Qu√≠mica oferta disciplina com renomado pesquisador franc√™s https://t.co/rBN2X5lH01,928344449998114818,23978439,1,0,4,0,
928320392250494976,2017-11-08T17:56:43.000Z,"Professor da Universidade de Shinshu, no Jap√£o, ministra palestra na UFPR ‚Äì 24 de novembro https://t.co/c8KgcOXRKL",928320392250494976,23978439,2,0,2,0,
928314885519355904,2017-11-08T17:34:50.000Z,UFPR recebe inscri√ß√µes para o concurso p√∫blico da Prefeitura de Arauc√°ria at√© o dia 13/11 https://t.co/K3QCrtKrsU,928314885519355904,23978439,0,0,2,0,
927991862870364160,2017-11-07T20:11:16.000Z,"@melissauro Ele est√° para ado√ß√£o, @melissauro ?",927707689530089478,23978439,0,1,0,0,454276119
927985460344913924,2017-11-07T19:45:49.000Z,@melissauro que amor üòç. Obrigada!,927707689530089478,23978439,0,0,0,0,454276119
927983205092876288,2017-11-07T19:36:51.000Z,@melissauro Isso! Pode mandar por inbox no facebook da UFPR =),927707689530089478,23978439,0,0,0,0,454276119
927982081476628480,2017-11-07T19:32:23.000Z,@melissauro Que fofura! Tem alguma foto do leandro?,927707689530089478,23978439,0,1,0,0,454276119
927981306478252033,2017-11-07T19:29:19.000Z,@melissauro E qual o nome do c√£ozinho?,927707689530089478,23978439,0,1,0,0,454276119
927979501572821004,2017-11-07T19:22:08.000Z,@melissauro Em qual campus? =),927707689530089478,23978439,0,1,1,0,454276119
927978179956002816,2017-11-07T19:16:53.000Z,Engenheiro mec√¢nico egresso da UFPR lan√ßa obra sobre estudos ferrovi√°rios https://t.co/i2wlZHjnBH,927978179956002816,23978439,1,0,6,0,
927971611071873025,2017-11-07T18:50:47.000Z,Projeto que oferece apoio emocional para estudantes da UFPR passa a atender no Setor de Ci√™ncias Biol√≥gicas https://t.co/LfvM7boB5x,927971611071873025,23978439,5,0,7,0,
927955851620573185,2017-11-07T17:48:10.000Z,Projeto da UFPR proporciona acesso a documentos e informa√ß√µes sobre a Reforma Luterana https://t.co/TX6hrb9ltC,927955851620573185,23978439,2,0,5,0,
927884052094423040,2017-11-07T13:02:51.000Z,Almo√ßo ser√° servido com atraso nos RUs Bot√¢nico e Agr√°rias nesta ter√ßa-feira (7) https://t.co/BQBkh0QiWX,927884052094423040,23978439,1,0,4,0,
927640444468686848,2017-11-06T20:54:51.000Z,UFPR oferece 344 vagas para graduados que buscam nova habilita√ß√£o e ex-alunos https://t.co/0H1sZ408tR,927640444468686848,23978439,4,1,8,0,
927637004409503744,2017-11-06T20:41:11.000Z,@itsbuccini &lt;3,927636622316855297,23978439,1,0,3,0,3378906262
927636241490808833,2017-11-06T20:38:09.000Z,Novo Sistema de Gest√£o para a P√≥s-gradua√ß√£o garante uma UFPR mais transparente para a sociedade https://t.co/Ycmqj1mWTS,927636241490808833,23978439,1,0,3,0,
926523839340797952,2017-11-03T18:57:51.000Z,UFPR divulga rela√ß√£o definitiva de candidatos cotistas que tiveram autodeclara√ß√£o validada https://t.co/dP0qi082iR,926523839340797952,23978439,2,0,6,0,
926523686013820928,2017-11-03T18:57:15.000Z,Novo Plano de Desenvolvimento Institucional tra√ßa as diretrizes da UFPR para os pr√≥ximos anos https://t.co/Qay11bdzNT,926523686013820928,23978439,1,0,9,0,
925807488791928832,2017-11-01T19:31:20.000Z,Revista  do Programa de P√≥s-Gradua√ß√£o da UFPR √© aceita em banco de dados internacional da Web of Science https://t.co/Qj1zuJ6v1q,925807488791928832,23978439,3,1,4,0,
925095483768492032,2017-10-30T20:22:05.000Z,Professor do Departamento de Engenharia Qu√≠mica recebe pr√™mio Cientistas do Ano https://t.co/EJASfkBvgH,925095483768492032,23978439,2,0,7,1,
925078551547826176,2017-10-30T19:14:48.000Z,Apresenta√ß√µes musicais abrem as comemora√ß√µes dos 80 anos do Setor de Ci√™ncias Humanas https://t.co/5rZXZBK0m7,925078551547826176,23978439,1,0,5,0,
925077913417994240,2017-10-30T19:12:16.000Z,UFPR vai sediar simp√≥sio internacional sobre exame que atesta profici√™ncia em L√≠ngua Portuguesa https://t.co/GN1K1a8crZ,925077913417994240,23978439,1,0,4,0,
925056203641753600,2017-10-30T17:46:00.000Z,Aten√ß√£o vestibulandos e vestibulandas! A lista com os convocados para a 2¬™ fase do vestibular ser√° divulgada no dia 14 de novembro \o https://t.co/9PijtkEuoF,925056203641753600,23978439,14,6,58,8,
925046889015332864,2017-10-30T17:08:59.000Z,@FernandzWood üòç,925043583949901825,23978439,0,0,0,0,806903091761029120
925043361651838976,2017-10-30T16:54:58.000Z,@FernandzWood Dia 14/11 =),925034837370654720,23978439,1,0,0,0,806903091761029120
925043229472509958,2017-10-30T16:54:27.000Z,UFPR recebe representante do Alto Comissariado da ONU para os refugiados https://t.co/Axoc4MzwBJ,925043229472509958,23978439,0,0,6,0,
924791746902544384,2017-10-30T00:15:08.000Z,@gii_bk Dia 14/11,924790603518566405,23978439,0,0,0,1,303458745
924785687173521409,2017-10-29T23:51:04.000Z,Gabarito provis√≥rio no ar!!!! üôå https://t.co/kjapsc7DRT,924785687173521409,23978439,9,4,31,4,
924756069141876737,2017-10-29T21:53:22.000Z,"Clima de normalidade marca 1¬™ fase do Vestibular 2017/2018 da UFPR; faltantes foram 10,64% do total https://t.co/gkyh5wSXCG",924756069141876737,23978439,1,0,27,0,
924752403974492160,2017-10-29T21:38:48.000Z,@arthurngabardo 21h30 em https://t.co/0BsTAkFrQe,924734780423442432,23978439,1,1,2,1,760794243166244865
924752272244051968,2017-10-29T21:38:17.000Z,@anaajuss 21h30!,924747189607436289,23978439,0,0,2,0,759246576263004160
924702025857814528,2017-10-29T18:18:37.000Z,"Haja cora√ß√£o!! Gabaritos provis√≥rios ainda hoje, a partir das 21h30! https://t.co/AB6O1egRAP",924702025857814528,23978439,10,1,41,11,
924615999239917569,2017-10-29T12:36:47.000Z,"A realiza√ß√£o do sonho de ser UFPR come√ßa daqui a pouco!! Boa prova, futuros calouros e calouras üòçüí™ https://t.co/f5aQzGW8uf",924615999239917569,23978439,37,1,134,13,
924602372667641862,2017-10-29T11:42:38.000Z,"Bom dia, futuros calouros e calouras!! Saiam de casa com anteced√™ncia! #vestibularufpr https://t.co/btNa6J4yEe",924602372667641862,23978439,27,0,65,0,
924445211044012033,2017-10-29T01:18:08.000Z,"Amanh√£ √© o grande dia!! Bom descanso, futuros calouros e calouras üíú #vestibularufpr https://t.co/4SAgvqDpCL",924445211044012033,23978439,26,2,155,10,
924012976558002176,2017-10-27T20:40:35.000Z,Campus Rebou√ßas: uma retrospectiva para compreender o futuro do espa√ßo https://t.co/Af5l61Oy1E,924012976558002176,23978439,0,0,4,0,
924012290684456960,2017-10-27T20:37:52.000Z,UFPR d√° dicas para candidatos no Vestibular 2017/2018 https://t.co/ckhTWn3HSw,924012290684456960,23978439,4,0,20,3,
923995537749217281,2017-10-27T19:31:17.000Z,UFPR divulga resultado de processo seletivo para migrantes e refugiados com visto humanit√°rio https://t.co/wThZjWFulF,923995537749217281,23978439,0,0,3,1,
923976327941820417,2017-10-27T18:14:57.000Z,Programa do setor Palotina disponibiliza e-book sobre plantas medicinais https://t.co/yy4sHw4XyP,923976327941820417,23978439,1,0,1,0,
923946802130378753,2017-10-27T16:17:38.000Z,Clube de Investimentos e Finan√ßas da UFPR re√∫ne interessados pelo mercado financeiro https://t.co/YMxgUkq3VM,923946802130378753,23978439,0,0,2,0,
923630019712311297,2017-10-26T19:18:51.000Z,"Pelo segundo ano, UFPR √© a universidade l√≠der em audi√™ncia no Facebook https://t.co/hycv9335Rj",923630019712311297,23978439,1,0,8,0,
923599325900312576,2017-10-26T17:16:53.000Z,Conselho Universit√°rio aprova mo√ß√£o contra projeto estadual sobre Escola sem Partido https://t.co/6Oeva7O5Uk,923599325900312576,23978439,3,0,1,1,
923596669232533504,2017-10-26T17:06:20.000Z,Palestra ‚ÄúDireitos Autorais e Produ√ß√£o Cient√≠fica‚Äù ‚Äì 27 de outubro https://t.co/9FNApB3yNC,923596669232533504,23978439,1,0,1,0,
923596295838818305,2017-10-26T17:04:51.000Z,Pibid na Rua defende manuten√ß√£o de recursos e da estrutura do programa da Capes https://t.co/UmFtUW66YD,923596295838818305,23978439,3,0,1,0,
923591239760580608,2017-10-26T16:44:45.000Z,Servidores aposentados recebem homenagem da UFPR https://t.co/a7dqMQtJSX,923591239760580608,23978439,1,0,2,0,
923290446801063937,2017-10-25T20:49:31.000Z,Ensalamento para 1¬™ fase do Vestibular 2017/2018 j√° est√° dispon√≠vel; prova ter√° seguran√ßa refor√ßada https://t.co/vYg0Qj2a3a,923290446801063937,23978439,3,1,12,1,
923271487901126658,2017-10-25T19:34:10.000Z,Complexo Hospital de Cl√≠nicas recebe R$ 2 milh√µes em equipamentos da Associa√ß√£o dos Amigos do HC https://t.co/b6BxWQPC7H,923271487901126658,23978439,1,0,5,0,
923265564268691461,2017-10-25T19:10:38.000Z,Abertas as inscri√ß√µes para o mestrado em Engenharia El√©trica https://t.co/hBQ6o0LOh4,923265564268691461,23978439,2,0,0,0,
923254637477662720,2017-10-25T18:27:13.000Z,Professora de Design da UFPR √© indicada para premia√ß√£o nacional https://t.co/45jVS3gqks,923254637477662720,23978439,0,0,2,0,
923243906489356288,2017-10-25T17:44:35.000Z,Servidores da UFPR t√™m at√© dia 31 de outubro para avaliar institui√ß√£o https://t.co/6abdL1xWNw,923243906489356288,23978439,1,0,0,0,
922926335286157313,2017-10-24T20:42:40.000Z,"No acordo fechado no TRT, foi feita a repactua√ß√£o do contrato da UFPR com a empresa terceirizada. Saiba os detalhes: https://t.co/tscZUB5qjF https://t.co/pMKVyZnxxm",922926335286157313,23978439,2,0,8,0,
922922024447631360,2017-10-24T20:25:32.000Z,Reconhecimento ao trabalho dos servidores marca abertura da Semana do Servidor da UFPR https://t.co/CSSqlHl0D9,922922024447631360,23978439,1,0,3,0,
922919045799731201,2017-10-24T20:13:42.000Z,Estudo sobre c√¢ncer de bexiga conduzido em parceria com a UFPR √© destaque em publica√ß√£o internacional https://t.co/zzkZkQf5vf,922919045799731201,23978439,3,1,8,0,
922898082454540288,2017-10-24T18:50:24.000Z,Abertas inscri√ß√µes para mestrado em Direito https://t.co/lzcjICIKgs,922898082454540288,23978439,1,0,5,0,
922891235928498181,2017-10-24T18:23:11.000Z,Professor de Letras Polon√™s traduz primeira vers√£o em portugu√™s de livro de poetisa que viveu o Levante de Vars√≥via https://t.co/9d7VN3hNr6,922891235928498181,23978439,1,0,3,0,
922591851886141440,2017-10-23T22:33:33.000Z,Acordo garante reabertura dos RUs a partir desta ter√ßa https://t.co/tscZUANPs7,922591851886141440,23978439,3,0,4,6,
922515129421451265,2017-10-23T17:28:41.000Z,Projeto de extens√£o Bicho D¬¥√°gua atende 700 alunos de escolas de Palotina e deve ser ampliado para a regi√£o https://t.co/DfcjcPE7ra,922515129421451265,23978439,0,0,6,0,
922500459851665413,2017-10-23T16:30:23.000Z,PIBID: universidades paranaenses e diretor da Capes discutem mudan√ßas em reuni√£o na UFPR https://t.co/bkOKkBgIHO,922500459851665413,23978439,0,0,3,0,
922470117761576960,2017-10-23T14:29:49.000Z,@LS_Eterno_ Dia 25/10 em https://t.co/0BsTAkFrQe,922429202225299456,23978439,0,0,0,0,390275149
922469997447925760,2017-10-23T14:29:20.000Z,@confodent A partir do dia 25/10 em https://t.co/0BsTAkFrQe,921799109434101760,23978439,0,0,0,0,723287332963622913
921833613045485568,2017-10-21T20:20:34.000Z,"@confodent N√£o necessariamente. Devido ao alto n√∫mero de candidatos, as provas acontecem em escolas e institui√ß√µes parceiras tamb√©m.",921799109434101760,23978439,0,2,0,0,723287332963622913
921467258152669187,2017-10-20T20:04:49.000Z,UFPR inicia segunda-feira programa√ß√£o da Semana Nacional de Ci√™ncia e Tecnologia https://t.co/ftI4b6ioES,921467258152669187,23978439,2,0,2,0,
921462751742087168,2017-10-20T19:46:54.000Z,11¬∫ Festival da Primavera anima fim de semana em Pontal do Sul https://t.co/J7dP1FNyPz,921462751742087168,23978439,1,0,3,0,
921457875096162304,2017-10-20T19:27:31.000Z,Empresa j√∫nior de Engenharia Mec√¢nica recebe pr√™mio ‚ÄúCase de sucesso‚Äù https://t.co/0kmwFp4POw,921457875096162304,23978439,2,0,4,0,
921445348047978497,2017-10-20T18:37:45.000Z,Livro da Editora UFPR √© um dos finalistas do Pr√™mio ABEU 2017 https://t.co/QA6KcZwa5G,921445348047978497,23978439,1,0,1,0,
921432596529197056,2017-10-20T17:47:05.000Z,RU Central vai funcionar neste fim de semana https://t.co/jokOPSWhU7,921432596529197056,23978439,2,1,4,0,
921428174700974080,2017-10-20T17:29:30.000Z,Centro Polit√©cnico ter√° esta√ß√£o-tubo experimental https://t.co/6NZB2nWbaJ,921428174700974080,23978439,1,0,5,0,
921426171413360640,2017-10-20T17:21:33.000Z,Tr√™s pessoas da mesma fam√≠lia doam seus corpos √† UFPR para estudo em aulas pr√°ticas https://t.co/ws0IoPEBSp,921426171413360640,23978439,1,0,4,0,
921423279101014018,2017-10-20T17:10:03.000Z,Conv√™nio estabelece parceria entre UFPR e Universidade de Huddersfield na √°rea de Design https://t.co/TcC3xl9Urt,921423279101014018,23978439,1,0,0,0,
921407291483664384,2017-10-20T16:06:31.000Z,Editora UFPR disponibiliza parte de seu cat√°logo em formato digital gratuito https://t.co/j1nptqfOL0,921407291483664384,23978439,6,1,7,1,
921100336596742145,2017-10-19T19:46:48.000Z,"Faltam: 
4 dias para The Walking Dead
8 dias para Stranger Things
10 dias para o vestibular da UFPR
508 dias para Game of Thrones",921100336596742145,23978439,60,4,143,17,
921067939520040961,2017-10-19T17:38:04.000Z,Programa de P√≥s-Gradua√ß√£o em Aquicultura e Desenvolvimento Sustent√°vel abre processo seletivo https://t.co/qYQoP9D12k,921067939520040961,23978439,1,0,2,0,
921062632194498560,2017-10-19T17:16:58.000Z,Inscri√ß√µes abertas para mestrado em Desenvolvimento Territorial Sustent√°vel ‚Äì at√© 20 de novembro https://t.co/z7cQPyawBo,921062632194498560,23978439,2,0,3,0,
921057633481654272,2017-10-19T16:57:06.000Z,UFPR comercializa pela primeira vez mudas enxertadas de Arauc√°ria https://t.co/SM49xOnkU3,921057633481654272,23978439,1,0,1,0,
921045997505208326,2017-10-19T16:10:52.000Z,Simp√≥sio reunir√° em Curitiba especialistas em formigas de 14 pa√≠ses https://t.co/9HQl0EaKvz,921045997505208326,23978439,2,0,1,0,
921042054364397568,2017-10-19T15:55:12.000Z,UFPR inicia debate com a comunidade universit√°ria sobre o destino do Campus Rebou√ßas https://t.co/f7FtjeLBud,921042054364397568,23978439,1,0,0,0,
921040350990536704,2017-10-19T15:48:26.000Z,Entenda por que os RUs de Curitiba est√£o fechados e qual o papel da UFPR nessa quest√£o https://t.co/CMFsqg4Lp6,921040350990536704,23978439,1,0,2,0,
920734460257107968,2017-10-18T19:32:56.000Z,UFPR participa de pesquisa que revela a diversidade de plantas da Amaz√¥nia https://t.co/2MiqcuXVqo,920734460257107968,23978439,1,0,7,0,
920704889633804288,2017-10-18T17:35:26.000Z,UFPR lan√ßa pesquisa para avalia√ß√£o interna https://t.co/fPDGOsnsgd,920704889633804288,23978439,1,0,2,0,
920685812370628608,2017-10-18T16:19:37.000Z,UFPR Pensando o Brasil p√µe em discuss√£o pontos pol√™micos da reforma pol√≠tica de outubro https://t.co/bmxBlwdKAY,920685812370628608,23978439,0,0,3,0,
920387843897352193,2017-10-17T20:35:36.000Z,Designers da UFPR ajudam a desenvolver proposta de r√≥tulos aliment√≠cios com foco no consumidor https://t.co/K72ngh2mTJ,920387843897352193,23978439,3,0,4,0,
920384191212244992,2017-10-17T20:21:05.000Z,RUs de Curitiba permanecem fechados nesta quarta-feira https://t.co/ogHWlYXOA2,920384191212244992,23978439,1,0,0,2,
920343789633490948,2017-10-17T17:40:33.000Z,Artigo de professores da UFPR √© premiado no Congresso Brasileiro de Educa√ß√£o em Engenharia https://t.co/gLDpxR1MMA,920343789633490948,23978439,2,0,12,1,
920079132561690624,2017-10-17T00:08:54.000Z,RUs de Curitiba n√£o funcionar√£o nesta ter√ßa-feira https://t.co/ogHWlYXOA2,920079132561690624,23978439,3,2,7,6,
920011335907278848,2017-10-16T19:39:30.000Z,UFPR receber√° workshop sobre e-transpar√™ncia https://t.co/7irife5h0r,920011335907278848,23978439,1,0,2,0,
920010502486593536,2017-10-16T19:36:11.000Z,UFPR lan√ßa pesquisa para avalia√ß√£o interna https://t.co/fPDGOsnsgd,920010502486593536,23978439,1,0,1,0,
920005858121142279,2017-10-16T19:17:44.000Z,@henrique_melk Dia 25 de outubro em https://t.co/0BsTAkFrQe,919986375604269057,23978439,0,0,0,0,2790458949
919986563957878784,2017-10-16T18:01:04.000Z,@tametirandx Na torcida por voc√™ &lt;3,919725850140008448,23978439,0,0,1,0,2865827979
919986375604269057,2017-10-16T18:00:19.000Z,Trabalho sobre comunica√ß√£o e mudan√ßas clim√°ticas do Made-UFPR ganha o Pr√™mio Capes de Tese https://t.co/okmaAcpuG9,919986375604269057,23978439,2,0,2,1,
918218186188840960,2017-10-11T20:54:09.000Z,Curso t√©cnico de agente comunit√°rio de sa√∫de est√° com inscri√ß√µes abertas https://t.co/CKUH1ag1Jv,918218186188840960,23978439,2,1,3,0,
918178882746019840,2017-10-11T18:17:59.000Z,"@thiagorpolese A melhor festa ser√° o banho de lama, no dia da aprova√ß√£o ;)",918177947596546048,23978439,0,0,2,0,177830274
918177359030898688,2017-10-11T18:11:55.000Z,@guufelipi Dia 25 de outubro,917963633233145858,23978439,1,1,1,0,1046065614
918176619235282944,2017-10-11T18:08:59.000Z,Programa de P√≥s-Gradua√ß√£o em Biologia Celular e Molecular abre inscri√ß√µes https://t.co/5EIFAUR70o,918176619235282944,23978439,0,0,3,0,
918170813106458624,2017-10-11T17:45:55.000Z,Hospital de Cl√≠nicas anuncia reativa√ß√£o do servi√ßo de transplante hep√°tico infantil https://t.co/c6V2ksGZij,918170813106458624,23978439,1,0,6,0,
917853548712529925,2017-10-10T20:45:13.000Z,"Em artigo, bi√≥logos alertam para risco que consumo de ca√ß√£o representa a tubar√µes amea√ßados de extin√ß√£o https://t.co/IKDMnHZrGV",917853548712529925,23978439,1,1,7,0,
917764948461223942,2017-10-10T14:53:09.000Z,Reforma pol√≠tica √© tema da pr√≥xima edi√ß√£o do UFPR Pensando o Brasil no dia 17 de outubro https://t.co/0YiAtRmYWD,917764948461223942,23978439,4,0,11,0,
917760685144264704,2017-10-10T14:36:13.000Z,@serialkeating Dia 25! Em https://t.co/0BsTAkFrQe,917587617012740097,23978439,0,0,0,0,176186733
917459241438449664,2017-10-09T18:38:23.000Z,Departamento de Matem√°tica da UFPR prepara estudantes de ensino fundamental e m√©dio para competi√ß√µes https://t.co/KRRcuVwMee,917459241438449664,23978439,0,0,3,0,
917456693419749376,2017-10-09T18:28:15.000Z,Engenheiros agr√¥nomos comemoram 50 anos de ingresso na UFPR https://t.co/Z1DDbIVIkG,917456693419749376,23978439,0,0,3,0,
917444557553455104,2017-10-09T17:40:02.000Z,Semana do Servidor ainda tem inscri√ß√µes abertas para v√°rias atividades https://t.co/XbAFwLFZiJ,917444557553455104,23978439,0,0,3,0,
917441001656111105,2017-10-09T17:25:54.000Z,Restaurantes Universit√°rios Bot√¢nico e Agr√°rias fechados para dedetiza√ß√£o https://t.co/c7p0S0jdU6,917441001656111105,23978439,0,0,1,0,
916413535881695237,2017-10-06T21:23:07.000Z,Mutir√£o da vis√£o atende 68 crian√ßas no HC https://t.co/euveBm3Q24,916413535881695237,23978439,1,0,0,0,
916413010192760832,2017-10-06T21:21:02.000Z,Grupo de Foguetes da UFPR bate recorde brasileiro https://t.co/MTCCNLiNHD,916413010192760832,23978439,3,0,3,0,
916401472559968256,2017-10-06T20:35:11.000Z,Primavera: UFPR comercializa flores para quem quer renovar os jardins https://t.co/7Eg3OzLp8G,916401472559968256,23978439,2,0,5,0,
916360909857181701,2017-10-06T17:54:00.000Z,Semana Jorlab √© finalista do Pr√™mio Professor Imprensa https://t.co/yMywkc5tBg,916360909857181701,23978439,2,0,1,0,
916357306090004480,2017-10-06T17:39:41.000Z,"@Helen_ffc S√≥ ser√° liberado dia 25, em https://t.co/0BsTAkX2HM",916263532068556800,23978439,0,0,0,0,323752849
916356714861088771,2017-10-06T17:37:20.000Z,Campus Jandaia do Sul re√∫ne p√∫blico de 300 pessoas em I Jornada Acad√™mica Integrada https://t.co/NIm7OY7zQs,916356714861088771,23978439,1,0,1,0,
916025873727451136,2017-10-05T19:42:41.000Z,@MariScomasson o eduroam vc faz login com email e senha tamb√©m. Tenta l√° ;),915977649494921217,23978439,0,0,0,0,42152713
916024950867324929,2017-10-05T19:39:01.000Z,@MariScomasson T√° usando o Eduroam?,915977649494921217,23978439,0,3,0,0,42152713
916023404737826817,2017-10-05T19:32:53.000Z,Vestibular 2017/18: liberado o ensalamento para candidatos que passar√£o pelas bancas de valida√ß√£o de autodeclara√ß√£o https://t.co/VL9aopf9bp,916023404737826817,23978439,2,0,0,0,
916019414918721536,2017-10-05T19:17:01.000Z,Cerim√¥nia nesta sexta-feira celebra o desempenho da UFPR na avalia√ß√£o da Capes https://t.co/gpprjObcAZ,916019414918721536,23978439,0,0,2,0,
915999897391833090,2017-10-05T17:59:28.000Z,Palestra do presidente da SBPC e ato contra cortes de recursos √†s universidades marcam encerramento da 9¬™ Siepe https://t.co/57lW2fR9Oy,915999897391833090,23978439,1,0,3,0,
915643304833961984,2017-10-04T18:22:30.000Z,Programa de P√≥s-Gradua√ß√£o em Geografia abre as inscri√ß√µes https://t.co/hjnxowtt5Y,915643304833961984,23978439,1,0,3,0,
915642805766250497,2017-10-04T18:20:31.000Z,"Campus Avan√ßado de Jandaia do Sul inaugura Centro de Inova√ß√£o, Tecnologia e Empreendedorismo https://t.co/pPWgMeVoGw",915642805766250497,23978439,2,1,3,0,
915638678076186624,2017-10-04T18:04:07.000Z,Entrega de mudas de arauc√°ria vai come√ßar no dia 20/10. Veja como reservar https://t.co/XXl2opn4ge,915638678076186624,23978439,4,0,4,1,
915635227342594057,2017-10-04T17:50:24.000Z,Alunos de Engenharia El√©trica ganham pr√™mio de melhor artigo em congresso internacional https://t.co/282Zbkl0C5,915635227342594057,23978439,0,0,2,0,
915633293684563971,2017-10-04T17:42:43.000Z,Fecitec incentiva o interesse pela ci√™ncia em estudantes de Palotina e regi√£o https://t.co/OTD8JtfvxP,915633293684563971,23978439,0,0,2,0,
915630041882603521,2017-10-04T17:29:48.000Z,Estudantes da UFPR participam de ¬†aula preparat√≥ria da segunda edi√ß√£o do Parlamento Universit√°rio https://t.co/RHp2AMWA1P,915630041882603521,23978439,0,0,3,0,
915315407233445888,2017-10-03T20:39:33.000Z,UFPR sedia Congresso Internacional de Literatura Portuguesa https://t.co/dYtJ5gqdeZ,915315407233445888,23978439,0,0,6,0,
915307584088891392,2017-10-03T20:08:28.000Z,"Com a presen√ßa do presidente da SBPC, UFPR promove manifesta√ß√£o em defesa da ci√™ncia e da universidade p√∫blica https://t.co/EkcrGfsbnR",915307584088891392,23978439,2,0,2,0,
915303813476704258,2017-10-03T19:53:29.000Z,Setor de Ci√™ncias Agr√°rias comemora 44 anos com homenagem a ex-diretores https://t.co/EA3pyIp9PQ,915303813476704258,23978439,0,0,2,0,
915286279641796608,2017-10-03T18:43:48.000Z,Abertas as inscri√ß√µes para doutorado em Bioqu√≠mica https://t.co/CrsR2gErOg,915286279641796608,23978439,1,0,4,0,
915275603397443584,2017-10-03T18:01:23.000Z,Estudantes de Engenharia da UFPR constroem ve√≠culos para competi√ß√µes nacionais https://t.co/eRKrUwX1iF,915275603397443584,23978439,1,0,4,1,
915269813672513536,2017-10-03T17:38:23.000Z,Gest√£o da Informa√ß√£o abre inscri√ß√µes para mestrado e doutorado https://t.co/wAVWJhbW0g,915269813672513536,23978439,2,0,3,0,
915263139595407362,2017-10-03T17:11:51.000Z,"UFPR convoca 2570 inscritos no vestibular pelo sistema de cotas para bancas de valida√ß√£o, que come√ßam dia 9 https://t.co/SfAKMkEIh5",915263139595407362,23978439,2,0,2,0,
915261691444830211,2017-10-03T17:06:06.000Z,"Com l√°grimas e aplausos, pedagogas formadas em 1976 comemoram jubileu de rubi https://t.co/LOnKhekvex",915261691444830211,23978439,0,0,2,0,
915257564547436544,2017-10-03T16:49:42.000Z,Abertura da Siepe evoca o papel da universidade como espa√ßo de reflex√£o diante da crise https://t.co/volcGdGeGg,915257564547436544,23978439,2,0,1,0,
914934701609103361,2017-10-02T19:26:46.000Z,Nota de pesar pelo falecimento do reitor da UFSC https://t.co/fz0fp86lyx,914934701609103361,23978439,2,0,15,1,
914919588843982849,2017-10-02T18:26:43.000Z,Ministro da Sa√∫de anuncia libera√ß√£o de R$ 11 milh√µes para Hospital de Cl√≠nicas da UFPR https://t.co/FSKKP154o4,914919588843982849,23978439,1,0,3,0,
914909732221149184,2017-10-02T17:47:33.000Z,Programa de P√≥s-Gradua√ß√£o em Tocoginecologia abre inscri√ß√µes https://t.co/nrTcDbWoYv,914909732221149184,23978439,0,0,1,0,
914893512138723329,2017-10-02T16:43:05.000Z,"Setor de Ci√™ncias Agr√°rias comemora 44 anos nesta ter√ßa-feira, dia 3 https://t.co/pM7VhDTdEv",914893512138723329,23978439,0,0,1,0,
914890587660316678,2017-10-02T16:31:28.000Z,Doutorandos em Administra√ß√£o conquistam prata em pr√™mio nacional de Recursos Humanos https://t.co/RBuaOG4Sej,914890587660316678,23978439,0,0,3,0,
914887108371808256,2017-10-02T16:17:39.000Z,Alunos e professores da UFPR lan√ßam o Outubro Rosa para animais de companhia https://t.co/tsHsKkgE14,914887108371808256,23978439,3,0,6,0,
913866768128585728,2017-09-29T20:43:11.000Z,√ìpera resgatada por laborat√≥rio da UFPR depois de 300 anos ser√° encenada em Chicago https://t.co/1XHqurUYE0,913866768128585728,23978439,2,0,7,0,
913834392207986693,2017-09-29T18:34:31.000Z,I Semin√°rio de Sa√∫de Mental da Casa 4 aborda sofrimento ps√≠quico na comunidade universit√°ria https://t.co/0Xg0qRTG7b,913834392207986693,23978439,2,0,3,0,
913824833296838656,2017-09-29T17:56:32.000Z,Atividade de extens√£o revitaliza entrada do campus Litoral https://t.co/ODEepXPh5F,913824833296838656,23978439,1,0,1,0,
913822178403061760,2017-09-29T17:45:59.000Z,II ExpoLuteria re√∫ne instrumentos inusitados constru√≠dos artesanalmente https://t.co/R0XY69P2Gt,913822178403061760,23978439,1,0,2,0,
913488481846022144,2017-09-28T19:40:00.000Z,"Morre o professor Alo√≠sio Surgik, √≠cone do ensino do Direito Romano https://t.co/TYbWyx769G",913488481846022144,23978439,1,0,6,0,
913477112555802624,2017-09-28T18:54:49.000Z,Desafio Intermodal acontece sexta-feira com tecnologia in√©dita https://t.co/a3VO7Vpgml,913477112555802624,23978439,1,0,1,0,
913475126141865986,2017-09-28T18:46:56.000Z,Setor Palotina promove a 7¬™ edi√ß√£o da FECITEC no dia 2 de outubro https://t.co/oSuxhpfJh6,913475126141865986,23978439,1,0,0,0,
913457266455662592,2017-09-28T17:35:58.000Z,UFPR ter√° a maior usina solar fotovoltaica do Paran√° https://t.co/psuRhZVkiE,913457266455662592,23978439,6,0,16,2,
913129632412717064,2017-09-27T19:54:04.000Z,Semana Integrada de Ensino Pesquisa e Extens√£o testa novo sistema para gest√£o de eventos https://t.co/NRh0vQbvVE,913129632412717064,23978439,1,0,1,0,
913123511962660865,2017-09-27T19:29:44.000Z,Programa de P√≥s-Gradua√ß√£o em Engenharia Ambiental recebe inscri√ß√µes https://t.co/69157yhF4P,913123511962660865,23978439,2,0,0,1,
913111361063985158,2017-09-27T18:41:27.000Z,Ag√™ncia UFPR Internacional seleciona alunos para concurso Race to Zero https://t.co/ocZdajaLkG,913111361063985158,23978439,2,0,0,0,
913099984542867457,2017-09-27T17:56:15.000Z,Solenidade no dia 3 de outubro vai celebrar os 44 anos do Setor de Ci√™ncias Agr√°rias https://t.co/nzFlElbT7o,913099984542867457,23978439,1,0,3,0,
912762934559993857,2017-09-26T19:36:56.000Z,Aluna da UFPR recebe pr√™mio nacional de melhor trabalho de conclus√£o de curso https://t.co/v2E67NDPW3,912762934559993857,23978439,4,0,11,1,
912731958429585409,2017-09-26T17:33:51.000Z,"Inscri√ß√µes para 22¬™ Semana do Servidor come√ßam nesta quarta-feira (27), apenas pela internet https://t.co/meAfHTXU7A",912731958429585409,23978439,1,0,0,0,
912418268002050049,2017-09-25T20:47:21.000Z,Editora UFPR promove mesa redonda para lan√ßar livro do fil√≥sofo Roberto Esposito  https://t.co/BjybheSiLV,912418268002050049,23978439,1,0,1,0,
912413742390038535,2017-09-25T20:29:22.000Z,Professores da UFPR participam da elabora√ß√£o de resolu√ß√£o pioneira sobre cole√ß√µes biol√≥gicas https://t.co/EYl8Asu1gf,912413742390038535,23978439,3,0,3,0,
912402705179607041,2017-09-25T19:45:31.000Z,Semana Integrada de Ensino Pesquisa e Extens√£o (SIEPE) tem recorde de trabalhos inscritos este ano https://t.co/abzLbe3x0R,912402705179607041,23978439,3,0,3,0,
912390228417110016,2017-09-25T18:55:56.000Z,Fazenda do Canguiri recebe semin√°rio sobre empreendimentos florestais https://t.co/29HgkSJL8N,912390228417110016,23978439,1,0,2,0,
912367348836978688,2017-09-25T17:25:01.000Z,V√≠deo de estudantes de Oceanografia da UFPR √© o √∫nico finalista brasileiro em categoria de competi√ß√£o da ONU https://t.co/p2qtPeqwol,912367348836978688,23978439,6,1,11,0,
911334251882336257,2017-09-22T20:59:52.000Z,Vestibular 2017/2018 tem 55.159 candidatos inscritos para 5.439 vagas https://t.co/AKbDpvX1eP,911334251882336257,23978439,2,0,6,2,
911326613974999041,2017-09-22T20:29:31.000Z,Polo de rob√≥tica educacional seleciona alunos da UFPR para participar do projeto https://t.co/1x7K5ibNIm,911326613974999041,23978439,1,0,3,0,
911317435294330880,2017-09-22T19:53:02.000Z,I Semin√°rio da Sa√∫de Mental da Casa 4 ter√° confer√™ncias e mesas redondas no dia 27 https://t.co/8r1EcLKlkH,911317435294330880,23978439,1,0,2,0,
911296082373734401,2017-09-22T18:28:11.000Z,Grupo de MPB da UFPR oferece oficinas relacionadas ao movimento tropicalista https://t.co/m84EaLtVOx,911296082373734401,23978439,1,0,0,0,
911283578998263808,2017-09-22T17:38:30.000Z,UFPR desenvolve Plano de Arboriza√ß√£o e realiza plantio de mudas https://t.co/mdsgmZMTVw,911283578998263808,23978439,1,0,3,1,
910941499793256448,2017-09-21T18:59:12.000Z,Conhe√ßa os programas de p√≥s-gradua√ß√£o da UFPR que alcan√ßaram nota m√°xima na avalia√ß√£o da Capes https://t.co/pgiXCI6M7r,910941499793256448,23978439,2,0,3,0,
910925707462742016,2017-09-21T17:56:27.000Z,UFPR abre nesta quinta per√≠odo de reservas de mudas de arauc√°ria https://t.co/ydc1IPjm4J,910925707462742016,23978439,0,0,2,0,
910920404662923270,2017-09-21T17:35:23.000Z,Programa de P√≥s-Gradua√ß√£o em Qu√≠mica da UFPR celebra 25 anos e noma m√°xima na avalia√ß√£o da CAPES https://t.co/pwrAb8rtgB,910920404662923270,23978439,0,0,4,0,
910919716566372354,2017-09-21T17:32:39.000Z,Reitor faz palestras e reuni√µes em Harvard e West Virginia para ampliar internacionaliza√ß√£o da UFPR https://t.co/qUlXPvpWZP,910919716566372354,23978439,0,0,8,0,
910589723219038209,2017-09-20T19:41:22.000Z,"Pioneiro no Brasil, curso de N√≥rdico Antigo no Centro de L√≠nguas da UFPR atrai interessados em cultura medieval https://t.co/wctKKx0EZB",910589723219038209,23978439,1,0,4,0,
910580777607409664,2017-09-20T19:05:49.000Z,Programa de P√≥s-Gradua√ß√£o em Gen√©tica est√° com inscri√ß√µes abertas para o processo seletivo https://t.co/6Yh8KDfhNV,910580777607409664,23978439,1,0,1,0,
910487275502481409,2017-09-20T12:54:17.000Z,Capes aponta aumento na qualidade da p√≥s-gradua√ß√£o da UFPR https://t.co/o2GkXARPDv,910487275502481409,23978439,2,0,5,0,
910248141491929095,2017-09-19T21:04:03.000Z,"@bizzleme esse √© um email pessoal, do coordenador de eventos.  Vamos avis√°-lo ;)",910246976490524672,23978439,0,1,0,0,3939464895
910247279294115840,2017-09-19T21:00:37.000Z,@bizzleme Pra qual email vc enviou?,910246976490524672,23978439,0,1,0,0,3939464895
910243403371294720,2017-09-19T20:45:13.000Z,Reitora em exerc√≠cio recebe comitiva de universidade alem√£ parceira da UFPR https://t.co/MeZKefHQtW,910243403371294720,23978439,1,0,2,0,
910241511203368962,2017-09-19T20:37:42.000Z,Equipe da UFPR avalia √°rea afetada por tremores em Rio Branco do Sul https://t.co/3gGEpL4KhS,910241511203368962,23978439,2,0,1,0,
910213254223364097,2017-09-19T18:45:25.000Z,UFPR √© a quarta melhor universidade do Pa√≠s no quesito ‚Äúinova√ß√£o‚Äù do Ranking Universit√°rio Folha https://t.co/uXHaJnKYK7,910213254223364097,23978439,2,0,3,0,
910192017522774018,2017-09-19T17:21:02.000Z,Processo seletivo do mestrado e doutorado em Sociologia abre inscri√ß√µes https://t.co/M7Meuu8Dna,910192017522774018,23978439,2,1,3,0,
909883791493169152,2017-09-18T20:56:15.000Z,A 1¬™ do Paran√° e a 8¬™ do Brasil &lt;3 https://t.co/crnHXCtdHJ,909883791493169152,23978439,26,0,81,3,
909871053308088320,2017-09-18T20:05:38.000Z,Abertas as inscri√ß√µes para o II Hackathon da OAB Paran√° https://t.co/1gdbsFS7RF,909871053308088320,23978439,1,0,1,0,
909861413799284736,2017-09-18T19:27:20.000Z,"√â o que diz o Ranking Universit√°rio da Folha de S√£o Paulo, divulgado hoje, 18 https://t.co/tAGxVYtUuU https://t.co/MyP0JWY605",909861413799284736,23978439,10,2,35,11,
909855089099198465,2017-09-18T19:02:12.000Z,Provar abre inscri√ß√µes para alunos da UFPR que desejam mudar de curso https://t.co/sDBEjG3N7A,909855089099198465,23978439,1,0,0,0,
909851983099695104,2017-09-18T18:49:51.000Z,UFPR √© a melhor universidade do Paran√° e a 8¬™ do pa√≠s no Ranking Universit√°rio Folha https://t.co/tAGxVYtUuU,909851983099695104,23978439,17,2,22,0,
909838246070423552,2017-09-18T17:55:16.000Z,Pesquisadores da UFPR encontram solu√ß√£o que viabiliza uso de F√≥sforo Negro https://t.co/f80Err6pQf,909838246070423552,23978439,2,0,2,0,
909828268655824896,2017-09-18T17:15:37.000Z,UFPR tem 15 cursos cinco estrelas no ranking do Guia do Estudante da Editora Abril https://t.co/dN7fO8IV0M,909828268655824896,23978439,3,0,7,0,
908784270851928064,2017-09-15T20:07:09.000Z,Estudantes podem se inscrever para o Parlamento Universit√°rio at√© o dia 22 https://t.co/446nG2m2id,908784270851928064,23978439,2,0,1,0,
908783495895502848,2017-09-15T20:04:04.000Z,"@murilocap_ Boa sorte, Murilo üòç",908782937352613890,23978439,0,0,0,0,2905664351
908777120477990912,2017-09-15T19:38:44.000Z,Sa√∫de mental entra na pauta da comunidade universit√°ria com semin√°rio e comiss√£o https://t.co/0YCZh9KVQu,908777120477990912,23978439,1,0,1,0,
908764424764362753,2017-09-15T18:48:17.000Z,"Doen√ßas, alimenta√ß√£o e manejo de r√©pteis ser√£o abordados em palestra na UFPR https://t.co/RBfTfIbg0Q",908764424764362753,23978439,1,0,1,0,
908757395534434304,2017-09-15T18:20:21.000Z,Pesquisadores da UFPR criam c√≥digo de cores para pessoas cegas e com baixa vis√£o https://t.co/n1JY3TdBGl,908757395534434304,23978439,3,0,5,0,
908755451151572992,2017-09-15T18:12:38.000Z,Turma de Medicina formada em 1967 comemora Jubileu de Ouro https://t.co/Ylnkp2tlKw,908755451151572992,23978439,1,0,1,0,
908432723559292928,2017-09-14T20:50:13.000Z,Aluno de p√≥s-doutorado √© premiado em Congresso de Ci√™ncia e Tecnologia da Madeira https://t.co/2ZLJlDmC9W,908432723559292928,23978439,1,0,1,0,
908415521388982272,2017-09-14T19:41:52.000Z,Filosofia abre processo seletivo para mestrado e doutorado https://t.co/CGBnM1VxF1,908415521388982272,23978439,2,0,4,0,
908399639120007168,2017-09-14T18:38:45.000Z,Clube do livro iniciado no curso de Hist√≥ria completa dois anos https://t.co/sKERB11yYQ,908399639120007168,23978439,1,0,1,0,
908050243098497030,2017-09-13T19:30:23.000Z,Alunos do SEPT representar√£o o Paran√° na Olimp√≠ada Brasileira de Geografia https://t.co/gXF5Zdr1Cz,908050243098497030,23978439,1,0,0,0,
908033640793288705,2017-09-13T18:24:25.000Z,@lanstationn Faz,907802475029200896,23978439,0,0,0,0,4179851603
908027558024933376,2017-09-13T18:00:14.000Z,UFPR Pensando o Brasil ‚Äì Jornalistas e pesquisadores debatem o risco das noticias falsas para a democracia https://t.co/M2Gy92ZeYz,908027558024933376,23978439,1,0,3,0,
907693727535304704,2017-09-12T19:53:43.000Z,Feira de Livro da UFPR e Semana Liter√°ria SESC movimentam Curitiba na pr√≥xima semana! https://t.co/GuNSURoS8t,907693727535304704,23978439,5,1,3,0,
907686891406987264,2017-09-12T19:26:33.000Z,Provas de atletismo dos Jogos Escolares da Juventude ser√£o realizadas na UFPR https://t.co/gZsb5Dwq9Q,907686891406987264,23978439,1,0,0,0,
907685154314964992,2017-09-12T19:19:39.000Z,@annacmatheus De 18 a 23 de setembro =),907674557934395392,23978439,0,0,1,0,227541169
907683545434521601,2017-09-12T19:13:15.000Z,@lethmaria @Eduardaown Curso bom esse &lt;3,907606882310934532,23978439,0,0,1,0,174018030
907683395400032257,2017-09-12T19:12:40.000Z,@CayresBruno Tem curso superior de Tecnologia em Produ√ß√£o C√™nica,907637494728011776,23978439,0,0,0,0,2536175588
907682882214416384,2017-09-12T19:10:37.000Z,@annacmatheus Na pra√ßa Santos Andrade? √â para a Feira do Livro ;),907674557934395392,23978439,0,1,0,0,227541169
907681942274965505,2017-09-12T19:06:53.000Z,Bancas especiais da UFPR garantem participa√ß√£o de candidatos que precisam de apoio diferenciado no vestibular https://t.co/HrY6SwZcbh,907681942274965505,23978439,1,0,0,1,
907671285941129223,2017-09-12T18:24:32.000Z,PROEC lan√ßa edital para novos Programas e Projetos de Extens√£o na UFPR https://t.co/DhlnpCJun9,907671285941129223,23978439,3,0,2,0,
907671231410921472,2017-09-12T18:24:19.000Z,Doutoranda aplica question√°rio sobre viol√™ncia contra universit√°rios https://t.co/gRd4ZlZwQp,907671231410921472,23978439,1,0,0,0,
907670341262200832,2017-09-12T18:20:47.000Z,Abertas as inscri√ß√µes para sele√ß√µes dos cursos t√©cnicos de Petr√≥leo e G√°s e de forma√ß√£o de Agentes de Sa√∫de https://t.co/GyDzRMzCxD,907670341262200832,23978439,2,0,3,0,
907657491378528256,2017-09-12T17:29:44.000Z,UFPR recebe representantes da universidade h√∫ngara Lor√°nd E√∂tv√∂s https://t.co/8teLfHmVl4,907657491378528256,23978439,1,0,1,0,
907620914166198272,2017-09-12T15:04:23.000Z,Gratuito e aberto ao p√∫blico! https://t.co/TuIPwZ7ULw,907620914166198272,23978439,4,0,5,0,
907330372157001728,2017-09-11T19:49:52.000Z,"@CayresBruno at√© quinta-feira, dia 14 ;)",907319685221371904,23978439,0,1,3,0,2536175588
907327056224161793,2017-09-11T19:36:42.000Z,UFPR promove nesta ter√ßa debate sobre opini√£o p√∫blica e p√≥s-verdade https://t.co/envkUnoGlN,907327056224161793,23978439,3,0,4,0,
907312810249658368,2017-09-11T18:40:05.000Z,UFPR promove palestra sobre sistema de formata√ß√£o de trabalhos cient√≠ficos ‚Äì 21 de setembro https://t.co/Wfvz2v3eWo,907312810249658368,23978439,2,0,1,0,
907310135524999168,2017-09-11T18:29:27.000Z,Interessados em propor oficinas para a Semana do Servidor devem se inscrever at√© sexta-feira (15) https://t.co/S8mjUPNPG3,907310135524999168,23978439,1,0,0,0,
907305896837095425,2017-09-11T18:12:37.000Z,Projeto de extens√£o pesquisa uso de agrot√≥xicos e suas consequ√™ncias na sa√∫de humana https://t.co/R8lTBNbDrE,907305896837095425,23978439,2,0,1,0,
907300580242202624,2017-09-11T17:51:29.000Z,Termina na pr√≥xima quinta-feira o prazo para inscri√ß√µes ao vestibular 2017/2018 https://t.co/FrsTpr9Wzp,907300580242202624,23978439,3,0,6,0,
907293286267854848,2017-09-11T17:22:30.000Z,Faculdade de Direito recebe evento ‚ÄúCulturas Jur√≠dicas em Movimento‚Äù com a presen√ßa de professores internacionais https://t.co/vewCVLL4fs,907293286267854848,23978439,1,0,1,0,
907284336516517889,2017-09-11T16:46:57.000Z,@confodent Em https://t.co/0BsTAkFrQe,907249005486321664,23978439,2,1,0,0,723287332963622913
905517108393422848,2017-09-06T19:44:36.000Z,"Em palestras na UFPR, criador das ciclovias de Bogot√° defende solu√ß√µes ‚Äútropicais‚Äù para a mobilidade urbana https://t.co/j4PGIRcL4u",905517108393422848,23978439,1,0,2,0,
905175734993477632,2017-09-05T21:08:07.000Z,Mestrado em Psicologia est√° com inscri√ß√µes abertas at√© 20 de setembro https://t.co/LJAzHPLVBZ,905175734993477632,23978439,2,0,1,0,
905173270391115777,2017-09-05T20:58:19.000Z,Programa de P√≥s-gradua√ß√£o em Comunica√ß√£o recebe inscri√ß√µes https://t.co/0KGx2zgWlb,905173270391115777,23978439,1,0,2,0,
905163476565458945,2017-09-05T20:19:24.000Z,Ag√™ncia UFPR Internacional seleciona estudantes de gradua√ß√£o para programa Escala https://t.co/xzEZBWSfhD,905163476565458945,23978439,2,0,2,0,
905155491709558784,2017-09-05T19:47:40.000Z,Vamos juntos pensar o Brasil? https://t.co/1c66rbe3TU,905155491709558784,23978439,1,0,9,1,
905143460503674882,2017-09-05T18:59:52.000Z,Sociedade Brasileira de Ci√™ncia e Tecnologia da Madeira homenageia vice-reitora da UFPR https://t.co/7F6qwZoEDl,905143460503674882,23978439,2,0,2,0,
905134149312315392,2017-09-05T18:22:52.000Z,Grupo de Foguetes da UFPR promove 2¬∫ Dia Nacional de Lan√ßamento de Minifoguetes https://t.co/PlZAgHNIhA,905134149312315392,23978439,1,0,1,0,
905128528450080768,2017-09-05T18:00:32.000Z,Comiss√£o de Acompanhamento do Or√ßamento recebe dados que mostram  impacto dos cortes do governo federal na UFPR https://t.co/7GjCnqUh68,905128528450080768,23978439,1,0,1,0,
905121729986613248,2017-09-05T17:33:31.000Z,Estudantes da UFPR recolhem lixo de nascente no Centro Polit√©cnico https://t.co/tF2mv1LAF5,905121729986613248,23978439,2,0,4,0,
904758973156519936,2017-09-04T17:32:03.000Z,UFPR publica edital para transfer√™ncia externa do PROVAR https://t.co/kSwgn4XWpP,904758973156519936,23978439,1,3,4,0,
903708988524691457,2017-09-01T19:59:47.000Z,Pista de n√≠vel internacional da UFPR atende de atletas de escolas p√∫blicas a equipes de alto rendimento https://t.co/UOu25YnMk9,903708988524691457,23978439,1,0,0,0,
903687539890032644,2017-09-01T18:34:33.000Z,Programa de P√≥s-Gradua√ß√£o em Administra√ß√£o seleciona estudantes de Mestrado e Doutorado https://t.co/nJObTB0iZQ,903687539890032644,23978439,2,0,4,0,
903684633048621056,2017-09-01T18:23:00.000Z,Estudantes haitianos participam como int√©rpretes de audi√™ncia no Minist√©rio P√∫blico do Trabalho https://t.co/IuQTMx2OSW,903684633048621056,23978439,2,0,6,0,
903673466930515968,2017-09-01T17:38:38.000Z,UFPR cria Coordenadoria de Governan√ßa e Riscos para atuar na gest√£o institucional https://t.co/VgiYvw8enp,903673466930515968,23978439,1,0,1,0,
903364750293250049,2017-08-31T21:11:54.000Z,Setor Litoral oferta 40 vagas em Licenciatura em Educa√ß√£o do Campo https://t.co/qHTSMIcMbj,903364750293250049,23978439,1,0,1,0,
903355732111839234,2017-08-31T20:36:04.000Z,Est√£o abertas as inscri√ß√µes para processo seletivo do Curso de Forma√ß√£o de Oficiais da PM https://t.co/OwikhOmyBD,903355732111839234,23978439,1,0,1,0,
903355692995813376,2017-08-31T20:35:55.000Z,UFPR realiza aula inaugural de primeira disciplina transversal https://t.co/P1OBhkV3Eh,903355692995813376,23978439,1,0,0,0,
903311600156856320,2017-08-31T17:40:42.000Z,"UFPR participa da programa√ß√£o do Setembro Amarelo, que alerta para o problema do suic√≠dio https://t.co/7h6JmnHOqk",903311600156856320,23978439,3,0,5,0,
903306243208605696,2017-08-31T17:19:25.000Z,Cortes de recursos federais afetam grupos de pesquisa da UFPR https://t.co/FMiT5WSc1E,903306243208605696,23978439,6,1,2,0,
902591788891996160,2017-08-29T18:00:26.000Z,@leofasciinante sobre?,902590814513238016,23978439,0,0,0,0,774494039110459394
902585037320855553,2017-08-29T17:33:36.000Z,Abertas inscri√ß√µes para curso gratuito sobre sa√∫de bucal na primeira inf√¢ncia ‚Äì 15 de setembro https://t.co/JrmMGsU17S,902585037320855553,23978439,1,0,2,0,
902579592304762880,2017-08-29T17:11:58.000Z,@FuckmeKristen_ @leofasciinante üßêü§£,902312804794945536,23978439,0,0,0,0,149945681
902576531091984386,2017-08-29T16:59:48.000Z,Mobilidade e sustentabilidade s√£o temas de acordo de coopera√ß√£o assinado entre UFPR e University of Twente https://t.co/WI8JviKNrz,902576531091984386,23978439,3,0,3,0,
902574419855282176,2017-08-29T16:51:25.000Z,Queer √© tema de caderno cultural da UFPR https://t.co/be8bYrzV8k,902574419855282176,23978439,1,0,1,0,
902573892014886912,2017-08-29T16:49:19.000Z,Pr√©dio Hist√≥rico recebe ilumina√ß√£o amarela em setembro para alertar para o suic√≠dio https://t.co/7h6JmnHOqk,902573892014886912,23978439,4,0,8,0,
902571898546130944,2017-08-29T16:41:24.000Z,Projeto usa realidade virtual para colocar pessoas na pele de animais aprisionados e alertar para o tr√°fico https://t.co/YGTyDHhpbU,902571898546130944,23978439,2,0,2,1,
902238198419656708,2017-08-28T18:35:23.000Z,"Aulas da primeira turma de disciplina transversal t√™m in√≠cio dia 30 de agosto, com 500 alunos https://t.co/bbN3YUQJTD",902238198419656708,23978439,1,0,4,0,
902232248459698176,2017-08-28T18:11:45.000Z,Setor Palotina promove I Encontro Tem√°tico da Pol√≠tica da Mulher https://t.co/GnVuQW7PCv,902232248459698176,23978439,1,0,4,0,
901188940388085760,2017-08-25T21:06:01.000Z,UFPR: Cursos e Profiss√µes apresenta projeto que ensina F√≠sica de forma l√∫dica https://t.co/teINFLeGc0,901188940388085760,23978439,1,0,1,0,
901185600895758338,2017-08-25T20:52:45.000Z,"Feira de Cursos e Profiss√µes abre neste s√°bado e domingo, com acesso livre e palestras sobre cursos https://t.co/TRz8DjtlXv",901185600895758338,23978439,2,0,3,0,
901168361903673344,2017-08-25T19:44:15.000Z,Projeto da UFPR vai usar realidade virtual para alertar popula√ß√£o sobre tr√°fico de animais https://t.co/zVC9Wi15cL,901168361903673344,23978439,1,0,2,0,
900768259083030529,2017-08-24T17:14:23.000Z,C√¥nsul da It√°lia visita a UFPR com o objetivo de estreitar rela√ß√µes https://t.co/A7MB7jw6yL,900768259083030529,23978439,2,0,6,0,
900462301093871616,2017-08-23T20:58:37.000Z,"@anapdl_ Por que, Ana?",900456091938684928,23978439,0,0,2,0,307084336
900451870505881600,2017-08-23T20:17:10.000Z,"Artigo do reitor da UFPR, @ricardo_marcelo, publicado na Gazeta do Povo, confira na √≠ntegra https://t.co/zlX5v5JHvQ https://t.co/0tyMXTLCuJ",900451870505881600,23978439,4,0,2,0,
900431745853607936,2017-08-23T18:57:12.000Z,VESTIBULAR 2017/18 ‚Äì Campus Toledo oferece 60 vagas para Medicina e ter√° nova sede em 2018 https://t.co/eqkyO51xmR,900431745853607936,23978439,2,2,8,2,
900410119044964352,2017-08-23T17:31:15.000Z,Come√ßa amanh√£ a 15¬∫ edi√ß√£o da UFPR: Cursos e Profiss√µes https://t.co/VWFizmXvbn,900410119044964352,23978439,1,0,7,2,
900101049339478025,2017-08-22T21:03:07.000Z,UFPR lan√ßa projeto para estimular oferta de disciplinas n√£o presenciais https://t.co/GZZ9oZpH3K,900101049339478025,23978439,1,0,7,0,
900059434000449541,2017-08-22T18:17:46.000Z,Professores da educa√ß√£o b√°sica ter√£o espa√ßo exclusivo na UFPR: Cursos e Profiss√µes https://t.co/gJZCfgqnc4,900059434000449541,23978439,3,0,4,0,
900057799597666305,2017-08-22T18:11:16.000Z,UFPR vai abrigar Centro de Reabilita√ß√£o de Animais Marinhos em Pontal do Paran√° https://t.co/3hVRX2TzKC,900057799597666305,23978439,3,0,6,0,
900052352807448576,2017-08-22T17:49:37.000Z,Feira de cursos da UFPR disponibiliza programa√ß√£o de palestras sobre as profiss√µes https://t.co/9JSaBknDmT,900052352807448576,23978439,2,0,1,0,
900049549821190144,2017-08-22T17:38:29.000Z,"VESTIBULAR 2017/18 ‚Äì Setor Palotina da UFPR oferece 476 vagas para 2018, em oito cursos com projetos inovadores https://t.co/x2GPJ5l2fo",900049549821190144,23978439,1,0,1,0,
899721977237303296,2017-08-21T19:56:50.000Z,@MaisocaMA dia 14 de setembro,898702724132290560,23978439,0,0,1,0,2408114110
899721783171010560,2017-08-21T19:56:03.000Z,@_monteirobe @evaristocosta @evaristocosta manda a gravata pra formatura do namorado da Beatriz!,898918065353752581,23978439,0,0,2,0,898915503141515266
899721133137809413,2017-08-21T19:53:28.000Z,"@awkrads entre em contato com o atendimento ao candidato do N√∫cleo de Concursos, no telefone (41) 3313-8800",899077208450490372,23978439,0,0,0,0,1180495782
899720257476202498,2017-08-21T19:50:00.000Z,@BeaFilardo UFPR &lt;3,899635529632944129,23978439,0,0,1,0,868618528341078016
899709506954952704,2017-08-21T19:07:16.000Z,Projeto de extens√£o leva assuntos de Astronomia √† comunidade de Jandaia do Sul https://t.co/xx56FNJ9cq,899709506954952704,23978439,1,0,4,0,
899704421059375104,2017-08-21T18:47:04.000Z,Turma de Engenharia Civil comemora Jubileu de Rubi https://t.co/51tSEBtmdq,899704421059375104,23978439,0,1,2,2,
899690145347231745,2017-08-21T17:50:20.000Z,Professores do ensino fundamental e m√©dio cursam especializa√ß√£o em sa√∫de na UFPR https://t.co/tck8c4cvzd,899690145347231745,23978439,0,0,2,0,
899685815608946688,2017-08-21T17:33:08.000Z,"Refer√™ncia na √°rea, UFPR colabora com outras institui√ß√µes na implanta√ß√£o do Sistema Eletr√¥nico de Informa√ß√µes https://t.co/2rJT0hE0RT",899685815608946688,23978439,0,0,3,1,
899684490548834304,2017-08-21T17:27:52.000Z,"@folkitsir Entre em contato pelo atendimento ao candidato do N√∫cleo de Concursos, no telefone (41) 3313-8800",899386947134775297,23978439,0,0,0,0,823318908715274242
899684269693571075,2017-08-21T17:26:59.000Z,"@einegopete Entre em contato com o atendimento ao candidato do N√∫cleo de Concursos, telefone (41) 3313-8800 ;)",899616651305504769,23978439,0,1,1,0,812485482915528705
899684136042074121,2017-08-21T17:26:28.000Z,@LauraMaziero @fuvest vc pode pedir isen√ß√£o da nossa taxa ;),899626787709300736,23978439,0,0,0,0,70533826
899683969532342272,2017-08-21T17:25:48.000Z,VESTIBULAR 2017/18 ‚Äì Campus Jandaia tem tr√™s cursos na √°rea de Engenharia e duas licenciaturas https://t.co/kJ3NAx7BYc,899683969532342272,23978439,0,0,3,0,
898658668584947714,2017-08-18T21:31:37.000Z,@Carol_0 Linda!! &lt;3,898657839261958144,23978439,0,1,1,0,73746996
898658485948338176,2017-08-18T21:30:53.000Z,"@bizzleme n√£o podemos garantir, mas entre em contato pelo email garbelotti.ray@gmail.com ;)",898302311537061888,23978439,0,1,0,0,3939464895
898607401158320128,2017-08-18T18:07:54.000Z,Deputado retira proposta que amputaria UFPR para criar nova universidade federal https://t.co/rFTXlJTwmv,898607401158320128,23978439,2,0,6,1,
898352272958255104,2017-08-18T01:14:07.000Z,@bizzleme O que vcs precisam? ‚ù§,898302311537061888,23978439,0,2,7,0,3939464895
898272851836321792,2017-08-17T19:58:31.000Z,Curso de Portugu√™s para estrangeiros recepciona alunos https://t.co/6ZpPt416OT,898272851836321792,23978439,2,0,6,0,
897901109381038080,2017-08-16T19:21:21.000Z,UFPR inicia processo coletivo e dialogado para credita√ß√£o da extens√£o https://t.co/tbiQUHsQRl,897901109381038080,23978439,1,0,2,0,
897897243528900608,2017-08-16T19:05:59.000Z,@leohhammers Ainda n√£o est√° no ar!,897865378386378753,23978439,0,1,1,1,828766317566103552
897897062909530113,2017-08-16T19:05:16.000Z,Feira de Cursos e Profiss√µes da UFPR come√ßa no dia 24 https://t.co/ypyrvB5L4h,897897062909530113,23978439,4,0,3,0,
897540096026697729,2017-08-15T19:26:49.000Z,Mestrado em Psicologia busca volunt√°rios para avalia√ß√£o de mem√≥ria https://t.co/4PCTSvvEz9,897540096026697729,23978439,4,0,12,0,
897517282733305859,2017-08-15T17:56:09.000Z,A feira de profiss√µes mais linda deste Brasil come√ßa na semana que vem!! N√£o vai perder!! https://t.co/abks60zYsV,897517282733305859,23978439,14,1,34,6,
897511682297270272,2017-08-15T17:33:54.000Z,SBPC divulga mo√ß√£o contra proposta que tira dois campi da UFPR para formar nova universidade https://t.co/tJgMvmPfJn,897511682297270272,23978439,1,0,0,0,
897270549285654530,2017-08-15T01:35:44.000Z,"@caarolmel N√£o √© cilada, √© amor üíõ",897206784737382400,23978439,1,1,2,0,3406382566
897195568145027073,2017-08-14T20:37:47.000Z,@whydresa Com toda certeza do mundo! E o dinheiro da compra √© revertido para o Hospital de Cl√≠nicas da universidade ;),897194555702947840,23978439,0,0,2,0,4908969567
897195444060778496,2017-08-14T20:37:17.000Z,@souza_douglass @ayessafrare Compra o seu ent√£o =),897194555702947840,23978439,0,1,2,0,460169933
897194555702947840,2017-08-14T20:33:45.000Z,Voc√™ tamb√©m pode comprar o seu pelo 0800-601-1010 &lt;3 https://t.co/4BRCdU4RJj,897194555702947840,23978439,3,2,11,1,
897187296226803712,2017-08-14T20:04:55.000Z,"RU orienta usu√°rios de Curitiba a levar documentos, mesmo com novo sistema de acesso https://t.co/keMN016V9G",897187296226803712,23978439,2,0,0,0,
897166105780920325,2017-08-14T18:40:42.000Z,1¬∫ Encontro da Credita√ß√£o da Extens√£o da UFPR acontece dia 15 https://t.co/CLQUuYCX62,897166105780920325,23978439,1,0,2,0,
897162782205988865,2017-08-14T18:27:30.000Z,Ag√™ncia de Inova√ß√£o da UFPR promove evento com grandes empresas para debater a import√¢ncia da inova√ß√£o https://t.co/eKZkJvcF9i,897162782205988865,23978439,1,0,3,0,
897153350814363648,2017-08-14T17:50:01.000Z,Grupo de apoio de Psicologia ajuda pessoas que perderam entes queridos a superar a dor do luto https://t.co/0btoMPiewj,897153350814363648,23978439,4,0,7,0,
897149576259420163,2017-08-14T17:35:01.000Z,"Provar: termina hoje, dia 14,o prazo para pedir mudan√ßa de campus, turno ou habilita√ß√£o https://t.co/LLjSqqoAcl",897149576259420163,23978439,0,0,1,0,
896085280939139072,2017-08-11T19:05:54.000Z,"Adquira as pe√ßas da grife UFPR e ajude o @chcufpr &lt;3
Vendas pelos 0800 ou na boutique dos @AmigosdoHC https://t.co/6Ao7qowixM",896085280939139072,23978439,3,0,7,0,
896077756546428930,2017-08-11T18:36:00.000Z,"Provar: termina dia 14 prazo para pedir mudan√ßa de campus, turno ou habilita√ß√£o no mesmo curso https://t.co/LLjSqqoAcl",896077756546428930,23978439,0,0,1,0,
896074599477137408,2017-08-11T18:23:27.000Z,Comunidade acad√™mica de Toledo assina manifesto p√∫blico em defesa da UFPR e da autonomia universit√°ria https://t.co/9cl8wRcKDn,896074599477137408,23978439,3,1,8,0,
895774158923206660,2017-08-10T22:29:36.000Z,"@Ma_diasterras Se juntas j√° causa, imagina juntas",895759936008986626,23978439,2,0,1,0,326441353
895752550951120896,2017-08-10T21:03:45.000Z,Trote solid√°rio do curso de Medicina de Toledo envolve alunos em pintura de hospital https://t.co/bgK0Oy6wMd,895752550951120896,23978439,1,0,2,0,
895696169669545985,2017-08-10T17:19:42.000Z,Museu de Arte da UFPR recebe obras de importantes artistas paranaenses https://t.co/OcIefdORD4,895696169669545985,23978439,0,0,4,0,
895685982594383872,2017-08-10T16:39:13.000Z,"@Beatriz_rsz Por que ""queria""? No passado? N√£o vai?",895498285120716800,23978439,0,0,0,0,788349483398598656
895685718554533888,2017-08-10T16:38:10.000Z,@ArianaNegraa Vc pode pedir isen√ß√£o da taxa ;),895651229266792449,23978439,0,1,0,0,728716990723072000
895680916495884288,2017-08-10T16:19:06.000Z,Ele pode ter entrado no Poli! Algu√©m viu??? https://t.co/4l7w2Hn871,895680916495884288,23978439,0,0,6,0,
895680345995042816,2017-08-10T16:16:50.000Z,"Em assembleia, Setor Palotina rejeita por unanimidade a cria√ß√£o da UFOPR https://t.co/i7nMlVYrei",895680345995042816,23978439,0,0,2,0,
895367390351024128,2017-08-09T19:33:15.000Z,@rafaelajanna Ent√£o vai tirar a d√∫vida na @FeiraUFPR ;),895309161587773442,23978439,0,0,2,0,254693178
895366972564754432,2017-08-09T19:31:36.000Z,"@ferneteto N√£o fica na vontade, tenta ;)",895342735703642114,23978439,0,1,2,0,366808454
895363113612185600,2017-08-09T19:16:15.000Z,UFPR promove III Semana da Sustentabilidade https://t.co/AIzLWcN1SS,895363113612185600,23978439,3,0,2,0,
895343050913980416,2017-08-09T17:56:32.000Z,Estudante de Engenharia Qu√≠mica da UFPR integra equipe campe√£ em Hackathon https://t.co/hzHmwdYH1e,895343050913980416,23978439,1,0,3,0,
895338939632017409,2017-08-09T17:40:12.000Z,UFPR tem primeiro writing center do Brasil https://t.co/N4uOKRfSBu,895338939632017409,23978439,1,0,2,0,
894973136638234625,2017-08-08T17:26:38.000Z,Estudantes de Fisioterapia da UFPR pesquisam a efic√°cia de m√©todos analg√©sicos para a dor lombar https://t.co/WtDU4gA0AZ,894973136638234625,23978439,1,0,4,0,
894650624461029376,2017-08-07T20:05:05.000Z,"√öltimos dias para ver a mostra ‚ÄúCorpos &amp; Objetos na Amaz√¥nia‚Äù, que j√° recebeu mais de 50 mil pessoas https://t.co/1BIVDz2cMs",894650624461029376,23978439,1,0,1,0,
894620522624974848,2017-08-07T18:05:28.000Z,Professoras da UFPR t√™m obra de Sociologia aprovada em Programa Nacional do Livro Did√°tico https://t.co/DCcNS9x1iQ,894620522624974848,23978439,1,0,3,0,
894614251222048776,2017-08-07T17:40:33.000Z,"Provar abre inscri√ß√µes para alunos da UFPR que querem mudar de campus, turno ou habilita√ß√£o no mesmo curso https://t.co/LLjSqqGbAV",894614251222048776,23978439,1,0,0,0,
893973216896700417,2017-08-05T23:13:18.000Z,@Putitrain Vem üíô,893883476394618880,23978439,0,0,1,0,318696589
893880565102981121,2017-08-05T17:05:08.000Z,@anacaaroliny_ üòéüíô,893667336309309440,23978439,0,0,0,0,354622542
893575515935838208,2017-08-04T20:52:59.000Z,Ag√™ncia UFPR Internacional divulga edital de mobilidade acad√™mica para o segundo semestre de 2018 https://t.co/jyvKHKoVNM,893575515935838208,23978439,1,0,2,0,
893558862015496193,2017-08-04T19:46:48.000Z,UFPR obt√©m patente de inven√ß√£o nos Estados Unidos https://t.co/vxw03oQajU,893558862015496193,23978439,1,0,2,0,
893537742013030405,2017-08-04T18:22:53.000Z,"@AleehBAveer Voc√™ pode mudar pelo PROVAR, na modalidade ""reop√ß√£o de curso""",893260540772069376,23978439,0,2,2,0,78469733
893537387397214212,2017-08-04T18:21:28.000Z,UFPR lan√ßa guia para estimular gest√£o consciente dos recursos https://t.co/Ffg1lLm3qn,893537387397214212,23978439,1,0,1,0,
893203902652461058,2017-08-03T20:16:19.000Z,Aberto processo seletivo para mestrado e doutorado em Engenharia Florestal https://t.co/V1NT1kHIZd,893203902652461058,23978439,1,0,0,0,
893199385592463361,2017-08-03T19:58:23.000Z,UFPR participa de pesquisa internacional sobre Game of Thrones https://t.co/oX5EqQGX4t,893199385592463361,23978439,1,0,2,2,
893189017767993350,2017-08-03T19:17:11.000Z,Pesquisa da UFPR revela insufici√™ncia de vitamina D em gestantes curitibanas https://t.co/UEegPsSn3I,893189017767993350,23978439,2,0,1,0,
893162682785943552,2017-08-03T17:32:32.000Z,Departamento de Engenharia Mec√¢nica lan√ßa curso de p√≥s-gradua√ß√£o voltado para ind√∫stria 4.0 https://t.co/igrmAqn0ER,893162682785943552,23978439,1,0,0,0,
893161020423798785,2017-08-03T17:25:56.000Z,@hinacarol BOA SORTE! &lt;3,892931967368515585,23978439,0,0,0,0,91804363
893160822205284352,2017-08-03T17:25:08.000Z,"Conselho Universit√°rio, por unanimidade, aprova mo√ß√£o de apoio √† autonomia universit√°ria https://t.co/kuqG4sYb5r",893160822205284352,23978439,1,0,0,0,
892842826031091713,2017-08-02T20:21:32.000Z,@depressinelson Sim &lt;3,892841550610386947,23978439,0,1,1,0,240723030
892840624059232256,2017-08-02T20:12:47.000Z,Bioqu√≠mica abre processo seletivo para mestrado e doutorado https://t.co/oDurfQHvD1,892840624059232256,23978439,5,1,2,0,
892837307396608000,2017-08-02T19:59:36.000Z,"UFPR divulga edital do vestibular 2017/2018, que ter√° bancas para cotistas antes da primeira fase https://t.co/Sch9dLZCnZ",892837307396608000,23978439,7,0,9,0,
892812855820550144,2017-08-02T18:22:27.000Z,Professor da UFPR ganha medalha de bronze no Campeonato Panamericano de Esgrima https://t.co/F3FBhHRYdz,892812855820550144,23978439,1,0,3,0,
892785082947305472,2017-08-02T16:32:05.000Z,"Pensando o Brasil: em audit√≥rio lotado, especialistas discutem a reforma da Previd√™ncia https://t.co/lNWSYQ29h0",892785082947305472,23978439,2,0,2,0,
892491825356967937,2017-08-01T21:06:47.000Z,Abertas inscri√ß√µes para seis cursos de forma√ß√£o r√°pida em Ci√™ncias Agr√°rias https://t.co/VFsUTCvD60,892491825356967937,23978439,1,0,1,0,
892475383001604096,2017-08-01T20:01:27.000Z,UFPR aprova inclus√£o de quest√µes de Sociologia e Filosofia a partir do vestibular 2018/19 https://t.co/0iXbf6ouIP,892475383001604096,23978439,4,0,12,5,
892467742577741826,2017-08-01T19:31:05.000Z,Toma posse a nova dire√ß√£o do Setor de Ci√™ncias Sociais Aplicadas https://t.co/XDqMnIovEc,892467742577741826,23978439,1,0,1,0,
892464008552468481,2017-08-01T19:16:15.000Z,"@Pandae__e Entre em contato com o N√∫cleo de Concursos da universidade, no telefone (41) 3313-8800 ;)",892445236538073089,23978439,0,0,0,0,555580021
892449270791630849,2017-08-01T18:17:41.000Z,UFPR cria programa pioneiro para oferta de disciplinas transversais em programas de mestrado e doutorado https://t.co/lQZrWmXPk3,892449270791630849,23978439,2,0,3,0,
892125287344992259,2017-07-31T20:50:18.000Z,UFPR encerra a 57¬™ Edi√ß√£o dos Jogos Universit√°rios do Paran√° em quarto lugar https://t.co/a0YW01PCxB,892125287344992259,23978439,1,0,3,0,
892125232089231360,2017-07-31T20:50:04.000Z,Setor Palotina promove Semana de Recep√ß√£o aos Calouros https://t.co/rw5edoNFTw,892125232089231360,23978439,1,0,0,0,
892081752486936577,2017-07-31T17:57:18.000Z,"Por aclama√ß√£o, Andifes publica mo√ß√£o de apoio √† UFPR e inconformidade √† MP 785/2017 https://t.co/xPdOEZtR0K",892081752486936577,23978439,2,0,3,0,
892080571039535105,2017-07-31T17:52:36.000Z,Ex-aluno que ingressou na UFPR por cotas sociais volta como professor para retribuir √† institui√ß√£o https://t.co/B0n0bw1jZ7,892080571039535105,23978439,2,0,9,1,
892064156391796736,2017-07-31T16:47:23.000Z,UFPR recepciona mais de 30 mil alunos no segundo semestre letivo que inicia nesta segunda-feira https://t.co/8BJ9mIFNcE,892064156391796736,23978439,1,0,3,0,
891031985963053056,2017-07-28T20:25:54.000Z,Livro aborda avan√ßos na medicina veterin√°ria forense https://t.co/CInP0Lp0sn,891031985963053056,23978439,1,0,4,0,
891022359125258240,2017-07-28T19:47:39.000Z,Celin abre no dia 2 inscri√ß√µes para cursos extensivos de l√≠nguas do segundo semestre https://t.co/q2H8gHYIiG,891022359125258240,23978439,1,0,4,0,
891004228684173313,2017-07-28T18:35:36.000Z,Estudo com a participa√ß√£o de pesquisador da UFPR indica decl√≠nio da fertilidade em homens ocidentais https://t.co/qKTFqwswJ2,891004228684173313,23978439,1,0,2,0,
890987924870897664,2017-07-28T17:30:49.000Z,"Aluna de Publicidade se destaca como escritora, ilustradora e pesquisadora ao produzir livro infantil  https://t.co/abtDBOagJR",890987924870897664,23978439,1,0,1,0,
890916438881570816,2017-07-28T12:46:46.000Z,@FuckmeKristen_ Dia 01 de agosto üòâ,890721808793686016,23978439,0,0,0,0,149945681
890681472734154753,2017-07-27T21:13:05.000Z,RU do Bot√¢nico n√£o vai oferecer jantar nesta sexta-feira (28) https://t.co/Tmy1eh94Zx,890681472734154753,23978439,0,0,1,0,
890646237141016576,2017-07-27T18:53:04.000Z,@putsjene Por que cancelou? üò£,890593669035765761,23978439,0,0,0,0,619528756
890645283440181250,2017-07-27T18:49:17.000Z,UFPR Pensando o Brasil promove debate sobre reforma da Previd√™ncia no dia 1¬∞ de agosto https://t.co/4i7GCWrttb,890645283440181250,23978439,1,0,3,0,
890296574479413249,2017-07-26T19:43:38.000Z,UFPR encerra a 57¬™ Edi√ß√£o dos Jogos Universit√°rios do Paran√° em quarto lugar https://t.co/a0YW01PCxB,890296574479413249,23978439,1,0,1,0,
890268255776112640,2017-07-26T17:51:07.000Z,Reitor recebe grupo de estudantes da universidade japonesa de Tenri https://t.co/tzJxxAXHfQ,890268255776112640,23978439,1,0,4,0,
890265746013552644,2017-07-26T17:41:08.000Z,@destbols As inscri√ß√µes abrem dia 16 de agosto e encerram em 14 de setembro ;),889800164021592065,23978439,0,0,0,0,915806731
890250617448521730,2017-07-26T16:41:01.000Z,@mari__juana Entre em contato com o @UFPR_CCE,890197296981344256,23978439,0,0,1,0,112464759
890250549882490885,2017-07-26T16:40:45.000Z,@brunadb_ Entre em contato com o @UFPR_CCE  ;),890247783256666113,23978439,0,0,0,0,840289688
890248830222028801,2017-07-26T16:33:55.000Z,UFPR assina conv√™nio com a Universidade de Columbia https://t.co/OwerpuxdFS,890248830222028801,23978439,2,0,6,0,
889926362563215361,2017-07-25T19:12:33.000Z,Cerim√¥nia de acolhimento d√° boas-vindas a alunos internacionais https://t.co/XcASKlrvAP,889926362563215361,23978439,2,0,3,0,
889922938136403969,2017-07-25T18:58:57.000Z,"@gabzzbrs Ol√°, pode enviar no jornalismo.sucom@ufpr.br ;)",889913078669864962,23978439,0,0,0,0,87550545
889922256348078080,2017-07-25T18:56:14.000Z,Ufes e UFFS publicam notas de apoio √† UFPR em defesa da autonomia universit√°ria https://t.co/qwqP1fZdhQ,889922256348078080,23978439,3,0,9,0,
889588156470788096,2017-07-24T20:48:38.000Z,@VeryPluto Querid√≠ssimo &lt;3,889587692924809217,23978439,0,0,0,0,235724180
889586756462555136,2017-07-24T20:43:05.000Z,UFPR inicia processo de aproxima√ß√£o com empresas de nanotecnologia https://t.co/Rr7vVLvNOp,889586756462555136,23978439,1,0,1,0,
889585674730561536,2017-07-24T20:38:47.000Z,@VeryPluto Vem https://t.co/Rtt2jnXTo6 üòç,889584431002001408,23978439,0,0,0,0,235724180
889583277278941184,2017-07-24T20:29:15.000Z,N√£o √© necess√°rio se inscrever! Entrada gratuita! Vamos juntos pensar o Brasil! https://t.co/xFpGadIIKj,889583277278941184,23978439,6,0,7,0,
889569591520788480,2017-07-24T19:34:52.000Z,Pioneira em metodologia de pesquisa completa 49 anos de UFPR https://t.co/U72l7PHjq4,889569591520788480,23978439,1,0,2,0,
889557275244888065,2017-07-24T18:45:56.000Z,@VeryPluto üòç,889556766060679168,23978439,0,0,0,0,235724180
889540908076683266,2017-07-24T17:40:54.000Z,UFPR oferece curso de Metodologia para Filosofia para professores do ensino fundamental e estudantes de licenciatura https://t.co/bXoB6cZuir,889540908076683266,23978439,3,1,7,0,
888502683748978688,2017-07-21T20:55:22.000Z,Projeto Mais Cultura na UFPR completa dois anos de atua√ß√£o no litoral do Paran√° https://t.co/y9XWIgBfYj,888502683748978688,23978439,2,1,3,0,
888500168328232960,2017-07-21T20:45:22.000Z,Novo Sistema de Progress√£o Docente da UFPR torna processo mais r√°pido e transparente https://t.co/C2penwqiRP,888500168328232960,23978439,1,0,2,0,
888494813749944321,2017-07-21T20:24:05.000Z,UFPR inicia processo de aproxima√ß√£o com empresas de nanotecnologia https://t.co/Rr7vVLvNOp,888494813749944321,23978439,2,0,4,0,
888142354984706051,2017-07-20T21:03:32.000Z,Professores da UFPR v√£o lan√ßar obra na Flip https://t.co/NuJbCBETV2,888142354984706051,23978439,2,0,5,2,
888139417608744962,2017-07-20T20:51:52.000Z,Equipe de Cheerleading da UFPR define data de treinos abertos e seletivas https://t.co/7kXSTGcGqL,888139417608744962,23978439,1,0,2,0,
888135038163988480,2017-07-20T20:34:28.000Z,@nogueiraout @udesc @PUCPR_oficial @univ_positivo ‚ù§Ô∏è,888133430667563011,23978439,1,0,1,0,2274889893
888111125467848704,2017-07-20T18:59:27.000Z,UFPR Pensando o Brasil promove debate sobre reforma da Previd√™ncia no dia 1¬∞ de agosto https://t.co/4i7GCWrttb,888111125467848704,23978439,2,0,4,0,
888091628489015298,2017-07-20T17:41:58.000Z,Alunos de direito da UFPR s√£o selecionados para a 12¬™ edi√ß√£o do Programa de Interc√¢mbio da Rep√∫blica https://t.co/g1I6LOYqCm,888091628489015298,23978439,1,0,1,0,
888088862077190144,2017-07-20T17:30:59.000Z,"Servidores que desejam fazer curso de l√≠nguas devem fazer teste de nivelamento at√© sexta, dia 21 https://t.co/lVhUGEebqM",888088862077190144,23978439,2,0,4,0,
887744939446210560,2017-07-19T18:44:21.000Z,UFPR recebe alunos do ensino m√©dio durante as f√©rias para ensinar Matem√°tica de forma l√∫dica https://t.co/3723sI9ZuE,887744939446210560,23978439,4,0,11,2,
887409179291471877,2017-07-18T20:30:10.000Z,A Pra√ßa √© Lugar de Brincar: Lazer e jogos educativos para as crian√ßas em todos os dias do Festival https://t.co/SKZk0zDRUk,887409179291471877,23978439,1,0,2,0,
887385280449306626,2017-07-18T18:55:12.000Z,RUs de Matinhos e do CEM fecham para manuten√ß√£o a partir do dia 24 https://t.co/1xVxhbg6Yx,887385280449306626,23978439,1,0,1,1,
887356312002199552,2017-07-18T17:00:05.000Z,Pesquisadores da UFPR desenvolvem tecnologia mais barata para detec√ß√£o r√°pida da dengue https://t.co/3YB7GUpsfS,887356312002199552,23978439,3,1,2,0,
887053348259717120,2017-07-17T20:56:13.000Z,Estreia: Paranagu√° recebe Festival de Inverno da UFPR https://t.co/giIymN4qnL,887053348259717120,23978439,1,0,3,1,
887032823537971203,2017-07-17T19:34:40.000Z,Projeto da UFPR usa a cartografia social em  defesa dos interesses de popula√ß√µes tradicionais https://t.co/JOLlgLmqXD,887032823537971203,23978439,1,0,5,0,
887016300022824960,2017-07-17T18:29:00.000Z,Abertas inscri√ß√µes para oficina de educa√ß√£o empreendedora ‚Äì 17 e 18 de agosto https://t.co/Y7vLCKl59u,887016300022824960,23978439,1,0,1,0,
886648381254254592,2017-07-16T18:07:01.000Z,Nota em defesa da UFPR e da autonomia universit√°ria https://t.co/Zss4iiIxiR,886648381254254592,23978439,8,0,14,2,
