created_at,text,id,public_metrics/retweet_count,public_metrics/reply_count,public_metrics/like_count,public_metrics/quote_count,conversation_id,author_id,in_reply_to_user_id
2021-06-18T20:05:07.000Z,Ritmo de vacina√ß√£o no Brasil: Paran√° precisa vacinar 56% da popula√ß√£o para conter pandemia https://t.co/URWyn4kh0L,1405979911282642947,1,0,12,0,1405979911282642947,23978439,
2021-06-01T21:30:48.000Z,"#UniversidadeP√∫blica #EuDefendo 
https://t.co/kIFGHFSckG",1399840880371154950,1,0,6,0,1399840874343931908,23978439,23978439
2021-06-01T21:30:47.000Z,"E ainda, a rede federal de hospitais universit√°rios, formada por 50 hospitais vinculados a 35 universidades, disponibiliza, desde o in√≠cio da pandemia, mais de dois mil leitos para pacientes com Covid-19, sendo cerca de 1.300 leitos de enfermaria e em torno de 700 leitos de UTI.",1399840878252994569,1,1,13,0,1399840874343931908,23978439,23978439
2021-05-24T19:27:08.000Z,"Eles passaram por salas de aulas, departamentos, laborat√≥rios‚Ä¶ Eram colegas, alunos, mestres, amigos‚Ä¶ 

A pandemia da covid-19 tem tirado a vida de milhares de pessoas, muitos pertencentes √† comunidade universit√°ria. 
(+) https://t.co/spwU7SN3yB",1396910654955655170,20,2,174,1,1396910654955655170,23978439,
2021-05-21T01:15:22.000Z,"Hoje as paredes Hospital de Cl√≠nicas da UFPR compartilharam com Curitiba um pouco do trabalho dos profissionais de sa√∫de do HC ‚ù§

""Sairemos muito maiores dessa pandemia. N√£o sab√≠amos que √©ramos t√£o fortes"". https://t.co/ZrTJPbzqBR",1395548741445238786,25,2,241,2,1395548741445238786,23978439,
2021-05-11T14:33:22.000Z,"@Braciakii Tradicionalmente, os editais do PROVAR s√£o publicados no in√≠cio do segundo semestre. Em virtude das mudan√ßas no calend√°rio, por conta da pandemia, pode ser que haja alguma altera√ß√£o. Envie um e-mail para prograd@ufpr.br e se informe melhor üòâ",1392125687306272771,0,0,3,0,1392120131623559169,23978439,1505988733
2021-05-10T20:01:34.000Z,"@AdonisLucca @BandNewsFMCtba Vergonha √© voc√™ emitir opini√£o sem ter assistido √† apresenta√ß√£o realizada nesta manh√£ na C√¢mara. Como foi dito pelo reitor, a pandemia veio pra ficar. De acordo com os cientistas, precisaremos de vacinas em 2021, 2022, 2023, 2024, 2025...",1391845890688790539,0,3,2,0,1391835635258839040,23978439,1377322014642483200
2021-05-05T20:34:04.000Z,"AO VIVO! 
A atua√ß√£o da UFPR no combate √† pandemia, com o reitor @ricardo_marcelo 
Assista no YouTube: https://t.co/P5pwMkFA3j https://t.co/tAJUntPhaq",1390042130526113799,1,0,13,1,1390042130526113799,23978439,
2021-04-12T17:25:19.000Z,Editora UFPR faz Feir√£o de Livros virtual e debate import√¢ncia da ci√™ncia em tempos de pandemia; 13 a 15/4 https://t.co/x5WTU9zBYY,1381659710718414853,11,0,23,1,1381659710718414853,23978439,
2021-04-08T17:39:02.000Z,Cientistas da UFPR respondem d√∫vidas da sociedade sobre Covid-19 para refor√ßar cuidados no pior momento da pandemia; saiba como participar https://t.co/NX41b3g2RX,1380213612342616064,4,0,11,0,1380213612342616064,23978439,
2021-04-05T19:48:56.000Z,Projeto de extens√£o distribui cestas b√°sicas para migrantes durante a pandemia https://t.co/TBvmiHklBW,1379159137708294152,0,0,10,0,1379159137708294152,23978439,
2021-04-05T17:53:49.000Z,"Veja a programa√ß√£o do Abril Ind√≠gena UFPR 2021, que aborda a pandemia nas comunidades; lan√ßamento na ter√ßa (6) https://t.co/xFauOHQ6mA",1379130166367154188,1,0,7,0,1379130166367154188,23978439,
2021-03-25T14:14:42.000Z,"As provas do concurso foram suspensas e adiadas anteriormente devido √† pandemia.

Acesse a nota completa do NC em https://t.co/WaeFWrsKU1",1375088758392025094,1,0,10,0,1375088755606978562,23978439,23978439
2021-03-15T20:28:01.000Z,"@donpartagas N√£o, a pandemia tem que acabar.",1371558826642669578,0,0,4,2,1371554461655654402,23978439,882189290582814720
2021-03-15T20:10:41.000Z,"A nova data ser√° definida t√£o logo se tenham par√¢metros adequados para garantir a biosseguran√ßa dos envolvidos na prova de sele√ß√£o, tanto em Curitiba quanto nas cidades do interior do estado. 

Confira a nota completa aqui: https://t.co/aXdYSfH4sr",1371554465225043977,5,2,59,0,1371554461655654402,23978439,23978439
2021-03-15T20:10:40.000Z,"UFPR ADIA A PRIMEIRA FASE DO VESTIBULAR DEVIDO AO AGRAVAMENTO DA PANDEMIA

O N√∫cleo de Concursos da Universidade Federal do Paran√° comunica o adiamento da aplica√ß√£o da prova da 1¬™ fase do Processo Seletivo de Ingresso, que seria realizada no dia 28 de mar√ßo. üëá https://t.co/5zAhuy65Xx",1371554461655654402,175,30,848,152,1371554461655654402,23978439,
2021-02-22T21:49:11.000Z,"Tal decis√£o decorre da substitui√ß√£o, ocorrida na data de ontem, da coordena√ß√£o geral do N√∫cleo de Concursos, bem como da necessidade do cumprimento de todos os desafios log√≠sticos envolvidos, sobretudo em aten√ß√£o ao atual estado de pandemia.",1363969106916110342,8,7,88,3,1363969104361758722,23978439,23978439
2021-01-21T18:23:49.000Z,"Ningu√©m se transformar√° em um r√©ptil ou ter√° um chip implantado ao se vacinar. Tudo isso √© decorrente do turbilh√£o de not√≠cias falsas espalhadas pelo pa√≠s, em uma verdadeira pandemia de desinforma√ß√£o.
Portanto, ou√ßa a CI√äNCIA.
√çntegra: https://t.co/OAcscc99Kv

#TodosPelasVacinas https://t.co/Z5MR0E8S3r",1352321014752038912,41,7,253,7,1352321014752038912,23978439,
2021-01-05T22:44:33.000Z,"@CarDrevy Presenciais ainda n√£o. Mas a equipe de especialistas da Universidade, para enfrentamento da Covid-19, faz o monitoramento constante da situa√ß√£o da pandemia e avalia, permanentemente, as possibilidades de retorno das atividades.",1346588423969267713,0,1,5,0,1346584184622616581,23978439,1250898352478334981
2020-11-11T21:26:33.000Z,Cientistas publicam chamada para a√ß√£o de visibilidade de pessoas LGBTI+ durante a pandemia https://t.co/pswnCtMVfh,1326637463956320260,3,1,27,1,1326637463956320260,23978439,
2020-09-28T19:20:41.000Z,Quer saber como estudar na Federal? Projeto da UFPR ensina formas de ingresso e apoia estudantes na pandemia https://t.co/ktHgJNx22v,1310660721877962757,4,1,27,0,1310660721877962757,23978439,
2020-08-17T13:29:33.000Z,Quer conversar sobre nutri√ß√£o na pandemia? Projeto da UFPR abre canal on-line de acolhimento √†s quintas-feiras https://t.co/NI7jcz4q7j,1295352063837298688,1,0,12,0,1295352063837298688,23978439,
2020-08-13T22:34:51.000Z,"Pandemia pode acelerar inova√ß√µes para consumo sustent√°vel, avaliam cientistas https://t.co/Uw5Zx7OlaD",1294039744591073281,1,0,19,0,1294039744591073281,23978439,
2020-07-27T16:29:25.000Z,UFPR lan√ßa edital de fluxo cont√≠nuo para empr√©stimo de computadores a estudantes durante a pandemia https://t.co/kgcfVNKx2B,1287787184444116992,3,0,14,0,1287787184444116992,23978439,
2020-07-13T16:07:06.000Z,Coletividade e reflex√µes internas: professores de Psicologia e Hist√≥ria da UFPR apontam o que pandemia tem a ensinar https://t.co/AhEgLEZdGY,1282708138299478016,1,0,11,0,1282708138299478016,23978439,
2020-07-11T18:00:32.000Z,"@carolibess A data de realiza√ß√£o da 1a fase da UFPR, no dia 10 de janeiro, foi definida em maio, portanto, bem antes da divulga√ß√£o da Fuvest. Como j√° foi informado, at√© agosto, o Conselho Universit√°rio se reunir√° para confirmar ou postergar a data, de acordo com a evolu√ß√£o da pandemia.",1282011909676466179,0,2,6,0,1263204812893626368,23978439,1658791452
2020-07-10T16:37:55.000Z,"Trabalhar de casa durante a pandemia tem causado sobrecarga nos trabalhadores, revela pesquisa da UFPR https://t.co/q3YN4X0Jzf",1281628728733335553,3,0,20,1,1281628728733335553,23978439,
2020-07-09T19:41:04.000Z,Projeto de extens√£o divulga materiais online para promover sa√∫de mental durante pandemia https://t.co/nNkZ97xU1G,1281312432565166081,1,0,14,0,1281312432565166081,23978439,
2020-07-09T17:20:46.000Z,"Crise econ√¥mica causada pela pandemia ser√° longa e rigorosa como a dos anos 30, aponta relat√≥rio feito na UFPR https://t.co/p2CDC3pZoi",1281277127988477953,15,2,55,10,1281277127988477953,23978439,
2020-06-29T23:55:40.000Z,"Condi√ß√µes de trabalho de entregadores de aplicativos pioram durante pandemia, mostra pesquisa nacional https://t.co/s7JNkISF1L",1277752626696814592,5,0,14,1,1277752626696814592,23978439,
2020-06-25T19:39:19.000Z,Pesquisador da UFPR cria escala de medo da pandemia do novo coronav√≠rus https://t.co/I8k32QwA1s,1276238561482768392,1,0,13,0,1276238561482768392,23978439,
2020-06-23T17:02:28.000Z,Modelo estat√≠stico adaptado pela UFPR indica Sul e Centro-Oeste como novos epicentros da pandemia no Brasil https://t.co/hDjdKXVUyp,1275474314062635011,13,0,45,4,1275474314062635011,23978439,
2020-06-18T21:59:51.000Z,"O DNA da UFPR √© presencial

A UFPR n√£o adotar√° a modalidade EAD. Nesse per√≠odo de suspens√£o das atividades presenciais na UFPR o que se apresenta como proposta √© o ERE ‚Äì Ensino Remoto Emergencial, como possibilidade de atividades acad√™micas em tempo de pandemia. (segue o fio)",1273737216116826112,214,60,1831,147,1273737216116826112,23978439,
2020-06-14T15:16:48.000Z,"@baddotzmaru A Universidade ainda se reunir√° em agosto, para avaliar as condi√ß√µes da pandemia e bater o martelo na data. Fique tranquila üòâ",1272186230772568066,0,1,1,0,1272171000860377088,23978439,2170409094
2020-06-12T18:46:55.000Z,Editora UFPR retoma vendas online que haviam sido suspensas devido a pandemia https://t.co/6MzkpHwhSF,1271514335924412418,1,1,9,0,1271514335924412418,23978439,
2020-06-12T13:45:32.000Z,"@laurets___ Miga, a a√ß√£o dos bal√µes quem faz √© a @rpcparana. Neste ano n√£o fizeram por conta da pandemia.",1271438488051879936,1,1,8,0,1271429298633748481,23978439,1030564134780317699
2020-06-09T15:49:29.000Z,"Diante da situa√ß√£o muito grave da pandemia no Pa√≠s, √© fundamental que as orienta√ß√µes dos organismos de sa√∫de e da ci√™ncia sejam seguidas pelas autoridades em todos
os n√≠veis #MarchaPelaVida #FrentePelaVida",1270382518454366209,9,1,52,3,1270382518454366209,23978439,
2020-06-09T15:27:10.000Z,"""Precisamos refor√ßar a centralidade do valor VIDA, a centralidade do SUS e a centralidade da ci√™ncia para o enfrentamento da pandemia."" Reitor @ricardo_marcelo @SBPCnet #MarchaPelaVida",1270376900762963974,1,0,17,0,1270376900762963974,23978439,
2020-05-22T16:49:17.000Z,UFPR disponibilizar√° computadores e Internet para estudantes sem acesso digital durante pandemia https://t.co/AoIKRFhoQL,1263874583888879624,22,2,147,18,1263874583888879624,23978439,
2020-05-20T20:27:51.000Z,Aprovado nesta quarta (20/05) o adiamento do Vestibular UFPR 2020/2021 devido √†s condi√ß√µes decorrentes da pandemia de covid-19. A nova data da prova objetiva fica agendada para o dia 10 de janeiro de 2021. Mais em: https://t.co/TAerK6OH9s https://t.co/pb8KgPoP3k,1263204812893626368,354,36,1519,114,1263204812893626368,23978439,
2020-05-20T16:15:36.000Z,Profissionais de sa√∫de d√£o exemplo de acolhimento e preven√ß√£o no combate √† pandemia https://t.co/XnYwnKoraB,1263141331129548801,3,0,10,0,1263141331129548801,23978439,
2020-05-18T21:29:59.000Z,UFPR destina recursos pr√≥prios para projetos no combate √† pandemia de Covid-19; edital tem inscri√ß√µes abertas https://t.co/voEpoIEKyH,1262495674026930176,3,0,22,1,1262495674026930176,23978439,
2020-05-18T18:19:28.000Z,Residentes de Veterin√°ria orientam para cuidados com pets na pandemia https://t.co/3FeN7ezif4,1262447731253153794,1,0,13,0,1262447731253153794,23978439,
2020-05-16T22:57:13.000Z,"""Neste momento dram√°tico de pandemia que estamos vivendo, a universidade p√∫blica tem feito a diferen√ßa.Tem salvado vidas. Mas a UFPR quer fazer mais."" - reitor @ricardo_marcelo

UFPR destina recursos pr√≥prios para projetos focados no contexto p√≥s-pandemia: https://t.co/ofrQlzlscE https://t.co/YSpkyGqxUZ",1261792850557140992,28,3,195,15,1261792850557140992,23978439,
2020-05-15T21:23:10.000Z,UFPR destina recursos pr√≥prios para projetos no combate √† pandemia de Covid-19 https://t.co/voEpoIWlqf,1261406794951176192,2,0,23,1,1261406794951176192,23978439,
2020-05-13T18:46:53.000Z,"Projeto Voc√™ Importa promove lives sobre jogos eletr√¥nicos, sexualidade e vida no contexto da pandemia https://t.co/E4I2fse28G",1260642689839751169,0,0,11,0,1260642689839751169,23978439,
2020-05-12T23:02:36.000Z,"A @Andifes apresentou, na √∫ltima segunda-feira, as principais iniciativas promovidas por 46 universidades  federais no combate √† pandemia.
Universidades federais unidas e mobilizadas √† servi√ßo da sociedade. https://t.co/GVwI9CnHqn",1260344653259382789,11,0,44,0,1260344653259382789,23978439,
2020-05-11T20:20:40.000Z,Pesquisadores da UFPR e UFRJ explicam efeitos negativos das not√≠cias falsas na pandemia do novo coronav√≠rus https://t.co/9DpDuxT2h3,1259941514060402693,3,0,19,0,1259941514060402693,23978439,
2020-05-08T19:09:47.000Z,"Gripe espanhola de 1918 deixou legado √† pandemia do coronav√≠rus em 2020, afirmam pesquisadoras da UFPR https://t.co/dXHgCEVhZI",1258836511388241921,4,0,22,0,1258836511388241921,23978439,
2020-05-07T21:08:42.000Z,"‚ÄúUma sociedade que fomenta e valoriza a ci√™ncia a todo momento, estaria sempre melhor preparada para uma situa√ß√£o de pandemia como a que estamos vivendo.‚Äù Reitor @ricardo_marcelo 
#MarchaVirtualpelaCiencia #paCTopelavida @SBPCnet",1258504051974701059,6,0,16,2,1258504051974701059,23978439,
2020-05-07T21:02:16.000Z,"‚ÄúEm tempos de pandemia ou n√£o, ouvir a CI√äNCIA √© SEMPRE a melhor op√ß√£o.‚Äù Reitor @ricardo_marcelo 
#MarchaVirtualpelaCiencia #paCTopelavida @SBPCnet",1258502431706669065,40,0,68,3,1258502431706669065,23978439,
2020-05-07T15:11:29.000Z,"""Se tiv√©ssemos tido um financiamento mais adequado para a ci√™ncia nos √∫ltimos anos, n√≥s estar√≠amos passando por este per√≠odo de pandemia com muito mais tranquilidade."" Reitor @ricardo_marcelo 
#MarchaVirtualpelaCiencia #paCTopelavida 
#fiqueemcasacomaci√™ncia",1258414154806972418,49,3,194,6,1258414154806972418,23978439,
2020-05-07T13:13:40.000Z,"Debates online, tuita√ßos e avatares digitais em frente ao Congresso Nacional: a marcha deste 7 de maio chama a aten√ß√£o para a import√¢ncia da ci√™ncia no enfrentamento da pandemia de Covid-19.
Participe! @SBPCnet
#MarchaVirtualPelaCi√™ncia #paCTopelavida #fiqueemcasacomci√™ncia https://t.co/iBW9OshoDd",1258384507390042113,9,0,26,1,1258384507390042113,23978439,
2020-05-07T01:47:09.000Z,"O reitor @ricardo_marcelo faz o convite para que todos participem da Marcha Virtual pela Ci√™ncia, amanh√£, dia 7, e se mobilizem para evidenciar o papel central que a ci√™ncia e a tecnologia possuem neste grave momento de pandemia que vivemos #paCTopelavida #FiqueEmCasacomaCiencia https://t.co/zwJed0ab2O",1258211739453317122,21,2,92,2,1258211739453317122,23978439,
2020-05-06T19:57:40.000Z,Caloura de Direito e amiga criam material de alerta sobre viol√™ncia dom√©stica na pandemia https://t.co/4t6r0ScNoc,1258123787754668032,6,1,46,1,1258123787754668032,23978439,
2020-05-04T23:06:36.000Z,Ciclo on-line de eventos de extens√£o da UFPR aborda a√ß√µes durante pandemia; veja a programa√ß√£o https://t.co/fZxfvgUApR,1257446556732723200,1,0,11,0,1257446556732723200,23978439,
2020-04-23T17:47:03.000Z,PROGRAD promove reuni√£o com os coordenadores de curso de gradua√ß√£o para elaborar propostas de atividades acad√™micas durante pandemia https://t.co/xRHpiSi6DB,1253379875248967680,4,1,23,0,1253379875248967680,23978439,
2020-04-20T21:03:00.000Z,Projeto ‚ÄúVoc√™ Importa‚Äù da UFPR oferece acolhimento emocional durante pandemia https://t.co/pM6mCzBhvE,1252342024872669185,8,0,27,1,1252342024872669185,23978439,
2020-04-18T16:32:47.000Z,"Saberes On-line na Pandemia: UFPR oferece cursos, assessoria pedag√≥gica e orienta√ß√µes para atividades remotas https://t.co/7sEKIdXdOf",1251549246676967425,6,0,25,0,1251549246676967425,23978439,
2020-04-15T16:39:44.000Z,Observat√≥rio de Turismo da UFPR levanta impactos da pandemia na atividade tur√≠stica https://t.co/7cYpoqc7lr,1250463831333179392,2,1,14,2,1250463831333179392,23978439,
2020-04-11T23:32:07.000Z,"Isolamento, falta de leitos e SUS: especialistas debatem sa√∫de coletiva e pandemia na UFPR TV https://t.co/6m7KJfpPjy",1249118061300514819,5,0,21,0,1249118061300514819,23978439,
2020-04-10T15:40:28.000Z,"Diante de pandemia, pesquisadora da UFPR explica processo de cria√ß√£o de vacina e rea√ß√£o do organismo https://t.co/ebQeyXq0CK",1248636978368860160,8,0,24,1,1248636978368860160,23978439,
2020-04-08T18:13:23.000Z,Professoras e acad√™micos da UFPR compartilham experi√™ncias de viver pandemia no exterior https://t.co/k2ShYH1Ork,1247950683191545857,2,1,7,0,1247950683191545857,23978439,
2020-04-07T18:27:35.000Z,Lideran√ßa da UFPR no combate √† pandemia propicia a√ß√µes institucionais articuladas entre pesquisadores e sociedade https://t.co/BdgGYyC5Nd,1247591870148087809,1,0,9,0,1247591870148087809,23978439,
2020-03-26T18:31:14.000Z,"Pandemia da Covid-19 ocasiona aumento de ciberataques, alertam especialistas https://t.co/h4AAAPp8av",1243244132761550849,5,0,15,0,1243244132761550849,23978439,
