id,conversation_id,created_at,public_metrics/retweet_count,public_metrics/reply_count,public_metrics/like_count,public_metrics/quote_count,text,author_id,in_reply_to_user_id
1387349963286454272,1387349963286454272,2021-04-28T10:16:21.000Z,0,0,0,0,"Em que pese a butanvac do @butantanoficial ser uma excelente not√≠cia,  a @UFPR tamb√©m far√° vacina sem insumos importados e deve ser a 1a genu√≠na brasileira,  se √© que isso importa @GloboNews @jornalnacional @rpcparana #vacinasim #usemascara #fiqueemcasa https://t.co/SnOIJCXXFR",110225659,
1384592664981647362,1384592664981647362,2021-04-20T19:39:50.000Z,0,0,0,0,"HOJE √†s 18h ter√° a palestra ‚ÄúComo nos aproximar em tempo de distanciamento?‚Äù ministrada pela Professora Dr¬™. Loriane Trombini Frick, da #UFPR A palestra √© organizada por um Projeto de Extens√£o #UEMS

üíª https://t.co/dJG8u5PG5Y

#ensinosuperior #educacao #palestraonline https://t.co/jyi3vNjO6M",60903970,
1372365705656549376,1372365118747639809,2021-03-18T01:54:16.000Z,2,0,3,0,"@UFPR 3/3 - Pela OMS, voc√™ s√≥ flexibiliza distanciamento com menos de 5% de testes positivos. No gr√°fico, √© a linha vermelha reta na por√ß√£o inferior. Nenhum munic√≠pio da Grande Curitiba, em 2020, passou perto dessa marca. https://t.co/uWCS71XdzQ",3119735962,3119735962
1372365407831609349,1372365118747639809,2021-03-18T01:53:05.000Z,1,1,2,0,"@UFPR 2/3 - Trecho editado: ‚Äúa baixa testagem leva a uma subestima√ß√£o do problema e s√≥ tem utilidade para gestores que n√£o est√£o interessados em proteger vidas, mas em legitimar uma flexibiliza√ß√£o da pol√≠tica de distanciamento social maior (...) para atender interesses econ√¥micos‚Äù.",3119735962,3119735962
1371633786224570370,1371554461655654402,2021-03-16T01:25:53.000Z,0,0,1,0,"@UFPR √â frustrante, mas √© a decis√£o mais racional. Quem acha ruim, assim como eu, tem que manter o isolamento para essa pandemia acabar logo.",227488630,23978439
1364242605282893826,1363969104361758722,2021-02-23T15:55:58.000Z,0,0,0,0,"@_hik_ioh @UFPR Vc n realizou nenhuma prova durante a pandemia n√©?Pois diversas provas p√∫blicas tinham distanciamento entre carteiras,uso d m√°scara obrigat√≥rio(inclusive n consumir alimentos)etc.Culpar a pandemia pelo adiamento da prova s√≥ mostra n organiza√ß√£o da universidade com esses quesitos",1140965846594007040,1041365780288495616
1354236908415705092,1354074873413382145,2021-01-27T01:16:54.000Z,0,0,1,0,"@FranklinJE @UFPR Fora os que se foram por outras causas, mas em decorr√™ncia da pandemia, pois o isolamento agravou muitas doen√ßas cr√¥nicas üòûüòû",3316290429,30988576
1347338891767009283,1347337705533935616,2021-01-08T00:26:38.000Z,1,0,1,0,"@UFPR Chamam a aten√ß√£o para um assunto pouco comentado: a alta positividade dos testes. ‚ÄúA taxa de testagem positiva no per√≠odo entre mar√ßo a agosto girou em torno de 20%‚Äù, denuncia o grupo da UFPR. A OMS s√≥ recomenda a flexibiliza√ß√£o do distanciamento social abaixo de 5%",3119735962,3119735962
1336373933386461184,1336373933386461184,2020-12-08T18:15:49.000Z,0,0,0,0,"https://t.co/vJ3DX5RdG4
#minist√©riodaeduca√ß√£o #ministeriodaeducacao #educa√ß√£obrasileira #educacaobrasileira #universidadespublicas #universidadepublica #ufpr #ufrj #jairbolsonaro #apandemianaoacabou #fiqueemcasa #professores #saudeemprimeirolugar #povobrasileiro #curitiba #rj #Sp",58538112,
1290664558554763265,1290664558554763265,2020-08-04T15:03:04.000Z,0,0,2,0,"Qual o impacto da #COVID19 no desenvolvimento infantil?

Neste v√≠deo Fernando Mazzili Louzada, professor da @UFPR fala sobre:

üëâUso adequado da tela enquanto o distanciamento social limita os momentos de #brincar das crian√ßas pequenas

https://t.co/eYLi4Ba99t",2613341964,
1285550216112996353,1285547084054134784,2020-07-21T12:20:30.000Z,0,0,6,0,"A gente s√≥ quer aproveitar o tempo de isolamento pra se dedicar naquilo que a gente gosta, a gente quer aproveitar pra estudar e se formar pra ser os profissionais que sempre sonhamos. O que era come√ßo de um sonho, estudar na @UFPR, est√° sendo um pesadelo!!",979160311713423360,979160311713423360
1278713744353361920,1278713744353361920,2020-07-02T15:34:48.000Z,0,0,0,0,"Pesquisa da @ufscaroficial, realizada em parceria com a @UFPR, analisa o impacto do distanciamento s... (https://t.co/ewRWquepnk)",2353316354,
1278695322294902791,1278695322294902791,2020-07-02T14:21:36.000Z,12,0,18,0,"Pesquisa da @ufscaroficial, realizada em parceria com a @UFPR, analisa o impacto do distanciamento social em crian√ßas e adolescentes com defici√™ncia motora ou intelectual. Estudo busca volunt√°rios. https://t.co/VFtfx53dZ8",42399225,
1276288689715458051,1276288685328289792,2020-06-25T22:58:30.000Z,0,0,0,0,#genat #ufrn #geografia #meioambiente #geografiasocioambiental #ufpr #live #webinar #ci√™ncia #geografiaf√≠sica #fiqueemcasa #ge√≥grafo #amogeografia #ci√™nciageogr√°fica #debate #quintageogr√°fica #ci√™nciasambientais #ecologia #ambiente #ci√™nciageogr√°fica,1642863493,1642863493
1275171554947665923,1275171554947665923,2020-06-22T20:59:24.000Z,21,19,258,7,"Com o adiamento das provas, os 106.338 inscritos no Concurso PCPR 2020 ter√£o mais tempo para estudar.  #fiqueemcasa #estudando @UFPR @governoparana",1095935839765442560,
1266184832670937089,1266156135935021059,2020-05-29T01:49:23.000Z,0,0,0,0,@UFPR @camnemosine @ricardo_marcelo N√£oooo. Distanciamento social gente! Marca uma live.,849213971978735616,23978439
1264255556283400200,1264251863643365376,2020-05-23T18:03:08.000Z,0,1,1,0,"https://t.co/BQr70ij44U

Estudo TRADUZIDO POR ESTUDANTES DA @UFPR  publicado originalmente no Imperial College London. Este estudo trata do impacto e da mortalidade da pandemia de Coronavirus em diversos pa√≠ses. E tamb√©m mostra a efic√°cia e import√¢ncia do isolamento social.",978003294403596289,978003294403596289
1262848657172443146,1262848657172443146,2020-05-19T20:52:37.000Z,13,3,79,0,"No Paran√° √© lei: o uso de m√°scaras de prote√ß√£o como forma de preven√ß√£o √† Covid-19 √© obrigat√≥rio, e isso tamb√©m vale para entrar nos pr√©dios do MPPR. 

Esse post foi 100% inspirado na @UFPR. 
Afinal, a gente sempre aprende com bons mestres. üíô

Se puder, fique em casa!üè† https://t.co/Y5phMftN6E",4215239055,
1261033552289894402,1261033552289894402,2020-05-14T20:40:02.000Z,7,2,26,1,"F√≠sico da UFPR modela efic√°cia das estrat√©gias de isolamento social no combate ao coronav√≠rus

#SBF #UFPR #F√≠sica #COVID19

https://t.co/y6ER0ofobd",549215324,
1260770560427999232,1260770560427999232,2020-05-14T03:15:00.000Z,4,0,7,0,"#FiqueEmCasa: Pesquisa da @UFPR aponta que jogos com torcedores s√≥ ap√≥s vacina contra novo #coronav√≠rus https://t.co/6W1NZxQWwc 

üì∑ Pixabay https://t.co/KpcsonyVub",421268817,
1260244140480253955,1259975458893987841,2020-05-12T16:23:11.000Z,0,0,0,0,"@rpcparana Contra #Covid19, #FiqueEmCasa 

Oi. Veja o fio: #Sugest√£oDePauta
 
Rela√ß√£o entre umidade rel ar alta e maior transmiss√£o #Covid. Pauta nacional! @UFPR e UEPG 

https://t.co/0kNVUVZJlk",2849560617,219656143
1260044222754930688,1260044222754930688,2020-05-12T03:08:47.000Z,2,1,1,1,"#Covid19 #Brasil #FiqueEmCasa 

Pesquisadores da @UFPR e UEPG estudaram a rela√ß√£o entre umidade relativa do ar elevada e maior transmiss√£o de #SARSCoV2 

Obs. no sul est√° maior estiagem; quarentena foi muito afrouxada desde 8/4; n√£o houve explos√£o da d√ßa

https://t.co/KgWITTaxql",2849560617,
1258508125952282624,1258506684495826944,2020-05-07T21:24:53.000Z,0,0,0,0,@UFPR @SBPCnet #paCTopelavida √â pela Ci√™ncia que vidas s√£o salvas! FIQUE EM CASA!!!,1218143131943817217,23978439
1258507089934077952,1258507089934077952,2020-05-07T21:20:46.000Z,0,0,0,0,"#MarchaVirtualPelaCi√™ncia 
""Pela #Ci√™ncia venceremos 

#PR #PARANA   #Brasil  #UFPR #UFPRNaMarcha 
#CoronaOut #Quarentena #FiqueEmCasa  #Educacao  #Vida #saude  #Ruas #Curitiba #Investimento 

  #SBPC #paCTopelavida #FiqueEmCasacomaCiencia 
@SBPCnet #STEM https://t.co/7WiV8FrQMZ",798274450764480513,
1257786869124866048,1257786869124866048,2020-05-05T21:38:52.000Z,0,0,1,0,"Estudantes de Design da @UFPR publicam cartilha sobre confec√ß√£o e uso de m√°scaras.

#COVID19
#FiqueEmCasa
#coronavirusnobrasil

https://t.co/w12UWGRJhP",65632843,
1257758469853270016,1257749843763757056,2020-05-05T19:46:01.000Z,0,1,0,0,"No Paran√° estamos estamos na maior estiagem em d√©cadas. Eu, uma militante a favor da √°gua,  tenho torcido para que n√£o chova - p/ que os dias permane√ßam ensolarados, j√° q tem muita gente mas ruas! 
@UFPR @rpcparana 
quem s√£o os pesquisadores? Vale outra mat√©ria!  #FiqueEmCasa",2849560617,2849560617
1257179982113255424,1255980497496350724,2020-05-04T05:27:19.000Z,0,0,0,0,@Arnolopes @gazetadopovo @UFPR #FiqueEmCasa,1237626309108535297,2767590119
1256015343560032259,1255980497496350724,2020-05-01T00:19:28.000Z,0,0,1,0,"@gazetadopovo @UFPR N√£o est√° havendo muito isolamento, n√£o. Doming√£o a rapaziada abusou. E por a√≠ vai.",1248856015665315845,15084884
1255981233089253383,1255980497496350724,2020-04-30T22:03:55.000Z,0,1,4,0,"@gazetadopovo @UFPR Ningu√©m consegue garantir isso, s√≥ se voltar no tempo e n√£o fazer isolamento pra fazer uma compara√ß√£o... Em compensa√ß√£o quebraram metade da cidade... Parab√©ns seus amebas!",1043229234964176898,15084884
1255980497496350724,1255980497496350724,2020-04-30T22:01:00.000Z,38,9,194,7,"Isolamento impediu cen√°rio pior do coronav√≠rus em Curitiba, diz estudo da @UFPR. https://t.co/GMoIMf9uJ9",15084884,
1247342717006479361,1247336687425982465,2020-04-07T01:57:32.000Z,0,0,2,0,"@regianeribeiro_ @UFPR @ricardo_marcelo Temos suporte para as ferramentas institucionais, caso algo d√™ errado. J√° com software livre, para um leigo em isolamento, penso que seria complicado resolver um problema que surgisse, al√©m de comprometer a produtividade.",162045825,109334435
1245067804765814784,1245067804765814784,2020-03-31T19:17:51.000Z,0,0,0,0,"Em tempos de distanciamento social, o PPGEBB da @UFPR segue com uma defesa totalmente √† dist√¢ncia - o excelente trabalho do Matheus Tavares, orientado pelo Marcos Corazza e pela Luciana Vandenberghe! 
Parte do trabalho j√° est√° divulgado em uma publica√ß√£o : https://t.co/4OnLwY1Ia2",44676404,
1244424763252125698,1244424763252125698,2020-03-30T00:42:38.000Z,10,0,25,1,Precisa sair de casa? Veja algumas dicas do pessoal da @UFPR: https://t.co/yOKjj77wOI #coronavirus #isolamentosocial #fiqueemcasa #ricmais,38886952,
1242185034402062336,1242185034402062336,2020-03-23T20:22:45.000Z,0,0,0,0,"#EuFicoemCasa

Milhares de pessoas pelo mundo sabem da import√¢ncia do isolamento social para vencermos este momento.
A UFPR tamb√©m.

#UFPR #AgenciaEscola #COVID19 #CoronaVirus https://t.co/GVGPSFkJ1p",162045825,
1241032546252722176,1241032546252722176,2020-03-20T16:03:10.000Z,1,0,1,0,"Essa seria da @UFPR √© a melhor para explicar como t√° funcionando a pandemia por aqui ... vejam, se informem! Protejam quem voc√™s amam. 
https://t.co/uf2mOTioan

#covid19brasil #UFPR #CoronavirusPlantao #isolamento #CuarentenaObligatoria #faltadeTestes #COVID„Éº19  #UFPR",1173289890169184256,
1241032061282127883,1241032061282127883,2020-03-20T16:01:15.000Z,0,0,0,0,"Essa seria da UFPR √© a melhor para explicar como t√° funcionando a pandemia por aqui ... vejam, se informem! Protejam quem voc√™s amam. 
https://t.co/Pap0STdiqC

#covid19brasil #UFPR #CoronavirusPlantao #isolamento #CuarentenaObligatoria #faltadeTestes #COVID„Éº19",39990331,
1240418876787212289,1240388723575009283,2020-03-18T23:24:40.000Z,0,1,0,0,"@UFPR H√° previs√£o de estender o recesso da gradua√ß√£o para al√©m do dia 29/3? Pergunto pq moramos em SP e minha filha √© aula da UFPR, estamos bem preocupados, aqui em SP o n√∫mero de casos n√£o para de subir, estamos em isolamento social total.",33578281,23978439
1239239874848399360,1239239874848399360,2020-03-15T17:19:44.000Z,0,0,2,1,"ATENCAO - Ministerio da Educacao MEC 

#DistanciamentoSocial para conter o Coronavirus - COVID 19
@UFPR e @UTFPR suspendem aulas at√© 30 de mar√ßo por conta do coronav√≠rus. 
https://t.co/ssznMCtRyJ
@MEC_Comunicacao @AbrahamWeint",2437579938,
1238623778646757379,1238611552837697539,2020-03-14T00:31:36.000Z,0,0,0,0,"@UFPR Perfeito!!
A melhor forma de um pa√≠s conter o coronav√≠rus √© cancelar eventos, instalar quarentena e auto-isolamento Fonte: https://t.co/itieXxo6h9 https://t.co/xhynSz8q1w",174413115,23978439
