created_at,text,id,public_metrics/retweet_count,public_metrics/reply_count,public_metrics/like_count,public_metrics/quote_count,author_id,conversation_id,in_reply_to_user_id
2021-06-19T14:20:20.000Z,"Teve algo bom que realizei durante essa pandemia, meu sonho de princesa durante a faculdade de direito era acordar 8:50 para as aulas das 9h, o que eu nunca conseguia porque morava longe da @UFPR. O EAD me possibilitou essa maravilha da humanidade, uma mantinha no colo e a aulaüíú https://t.co/aaxbpn5WnR",1406255534089592838,0,0,1,0,87972247,1406255534089592838,
2021-06-19T12:40:54.000Z,"#parana #vacina #covid19 #ufpr #estudo #pesquisa #ciencia #pandemia #brasil #coronavirus #saude #portaljornale #jornale
https://t.co/wr6aygCF0n",1406230511073349636,0,0,0,0,58538112,1406230511073349636,
2021-06-16T15:05:21.000Z,"ACONTECEEEEEU MEU DESENHO FOI ESCOLHIDO PARA SER CAPA DA AGENDA 2022 E COMEMORA√á√ÉO DE 110 ANOS DA @UFPR 

Minerva √© a deusa da ci√™ncia e nela tem v√°rias refer√™ncias sobre universidade, ci√™ncia e pandemia 

Muito obrigada pela oportunidade @UFPR  @ricardo_marcelo  ‚ù§Ô∏è‚ú®‚ú® https://t.co/Nz89wefVRe",1405179697173045251,49,24,631,11,167190766,1405179697173045251,
2021-06-16T14:44:19.000Z,"ü§ùüîé Sindipetro e UFPR fecham parceria para pesquisar o cotidiano dos petroleiros na pandemia

üìù Responda o question√°rio e, assim, contribua para a pesquisa cient√≠fica no campo da psicologia do trabalho.

üóûÔ∏èSaiba mais: https://t.co/EIT0Y2AImD
#SindipetroPReSC #UFPR https://t.co/Lepcup1wmY",1405174405945233414,0,0,1,0,288413381,1405174405945233414,
2021-06-11T19:00:17.000Z,"Em um ano, a @UFPR perdeu 34% de sua verba, o que tamb√©m tem acontecido em outras universidades federais. Os cortes no ensino p√∫blico chegam a um bilh√£o no or√ßamento deste ano. A pandemia mostrou a import√¢ncia da ci√™ncia e tamb√©m a ignor√¢ncia de Bolsonaro https://t.co/MFChpLNd39",1403426879801937920,3,0,15,0,821001145359409152,1403426879801937920,
2021-06-10T16:37:11.000Z,"O trabalho √© fruto da uni√£o entre os grupos acad√™micos de pesquisa da FDUSP e da Universidade Federal do Paran√°.

Confira mat√©ria completa: https://t.co/m40bBdfcBz

#fdusp #direitousp #npepep #ufpr #stf #encarceramento #pandemia #covid19",1403028479864619012,0,0,3,0,1007631069791825921,1403028477083856896,1007631069791825921
2021-06-09T17:12:31.000Z,"O bairro Pinheirinho, na zona Sul de Curitiba, √© a regi√£o da capital mais afetada pela pandemia de covid-19, tanto na incid√™ncia de casos confirmados, quanto na taxa de mortalidade. https://t.co/lFWrtCzdV4

#Pinheirinho #Curitiba #coronavirus #COVID19 #UFPR #TribunaDoParan√°",1402674983625711622,3,1,23,3,112786548,1402674983625711622,
2021-06-08T12:11:48.000Z,"#hc #hospitaldeclinicas #ufpr #curitiba #testesclinicos #covid19 #medicamento #remedio #antiviral #coronavirus #pandemia #portaljornale #jornale
https://t.co/bt7VYjOauE",1402236918839005187,0,0,0,0,58538112,1402236918839005187,
2021-06-05T16:58:36.000Z,"@deputadotoninho @UFPR Deputado, a PEC 32, a Reforma Administrativa, n√£o combate privil√©gios, apenas desmonta a base dos servi√ßos p√∫blicos (o que assume maior gravidade em meio √† pandemia). Caso aprovada, gerar√° preju√≠zos fiscais e aumento da corrup√ß√£o. Pe√ßo que vote contra! #PEC32N√£o",1401221932650057731,0,0,3,0,211543525,1397547610404175873,166417133
2021-06-03T13:49:32.000Z,"#ciencia #UFPR #vacina #covid19 #coronavirus #pandemia #coronavac #pfizer #astrazeneca #covaxin #portaljornale #jornale
https://t.co/enmCtcXtbQ",1400449573554778131,0,0,0,0,58538112,1400449573554778131,
2021-05-31T19:12:44.000Z,"#PergunteAosCientistas 

Os cientistas da @UFPR responderam perguntas sobre a Covid-19 enviadas pela sociedade, com base nas descobertas realizadas durante a pandemia.
Uma delas foi sobre variantes.  

Confira a resposta no v√≠deo e mais respostas na mat√©ria! https://t.co/25EXKMEYGm",1399443748455583751,3,1,4,0,1334897483642793991,1399443748455583751,
2021-05-28T20:06:32.000Z,"#PergunteAosCientistas est√° no ar!

Confira as d√∫vidas enviadas em 2020 sobre a Covid-19, vacinas, variantes e contamina√ß√£o de pets, que foram respondidas por cientistas da @UFPR com base nas descobertas realizadas durante a pandemia.
Leia na reportagem‚¨áÔ∏è
https://t.co/aGIK1lxv1z",1398370122931359758,1,0,1,0,1334897483642793991,1398370122931359758,
2021-05-27T22:24:29.000Z,"A Frente Parlamentar da @CamaraCuritiba para o acompanhamento do Plano de Vacina√ß√£o recebeu hoje (27) a professora Andrea Emilia Stinghen, pesquisadora do Programa de P√≥s-Gradua√ß√£o em Microbiologia Parasitologia e Patologia da @UFPR.
 
https://t.co/hozm6LOsGd",1398042453710622729,0,0,2,0,170072545,1398042453710622729,
2021-05-22T23:22:23.000Z,"@ConJur_Oficial destacou artigo que trata do julgamento no @STF_oficial da decis√£o do TCE-PR sobre o uso do transporte p√∫blico de Curitiba durante a pandemia. Estudo da @UFPR confirma que √¥nibus s√£o um potencial vetor de propaga√ß√£o do v√≠rus.
https://t.co/c56ifq3AoA",1396245085281525765,0,0,3,0,163856003,1396245085281525765,21334653
2021-05-22T22:20:49.000Z,@ConJur_Oficial  destacou artigo que trata do julgamento no @STF_oficial  da decis√£o do TCE-PR sobre o uso do transporte p√∫blico de Curitiba durante a pandemia. Estudo da @UFPR  confirma que √¥nibus s√£o um potencial vetor de propaga√ß√£o do v√≠rus. https://t.co/FoQbkB6dEE,1396229591023423488,2,0,3,0,163856003,1396229591023423488,21334653
2021-05-22T21:11:00.000Z,"Pesquisa da @UFPR com pais e respons√°veis busca entender o impacto da pandemia em crian√ßas autistas de 4 a 12 anos.

Participa√ß√£o √© por telefone. Confira contato:

https://t.co/LdDajjC0r4

via @pluraljorbr",1396212018554687492,2,3,14,0,830052063891558400,1396212018554687492,
2021-05-19T17:48:47.000Z,"Durante a pandemia, a Intelig√™ncia Artificial t√™m contribu√≠do com o Sistema de Sa√∫de, inclusive no Hospital de Cl√≠nicas da @UFPR. O desempenho e a qualidade dos registros com a IA s√£o os temas estudados por pesquisadores da Universidade. Confira no texto‚¨áÔ∏è
https://t.co/tXcQ2wrNhx",1395073965077434381,5,0,10,0,1334897483642793991,1395073965077434381,
2021-05-19T15:33:05.000Z,"Estudo ""Objetivos do Desenvolvimento Sustent√°vel e COVID-19: Como as organiza√ß√µes est√£o (re)agindo?"" investiga como as press√µes do ambiente externo influenciam as rea√ß√µes e o engajamento das organiza√ß√µes em rela√ß√£o aos ODS.

Via @PactoGlobalBR e @UFPR

https://t.co/Qz8fQ0LI7b",1395039816174247939,0,0,1,0,16974422,1395039816174247939,
2021-05-18T23:48:05.000Z,"Estudo ""Objetivos do Desenvolvimento Sustent√°vel e COVID-19: Como as organiza√ß√µes est√£o (re)agindo?"" investiga como as press√µes do ambiente externo influenciam as rea√ß√µes e o engajamento das organiza√ß√µes em rela√ß√£o aos ODS.

Via @PactoGlobalBR e @UFPR

https://t.co/vEvHXPO5vy",1394802000332836867,6,1,19,0,57763444,1394802000332836867,
2021-05-13T13:52:59.000Z,"Confira todas as propostas: https://t.co/aqrXt45Ia2

https://t.co/pTXUPHzINT

https://t.co/52tsd1zney

#VacinaParaTodos @UFPR @caroldartora13 @MedicaLeticia @nori_seto @MarceloFachina @VerMauroIgnacio @noemia_rocha_ https://t.co/2nJ6HQ4dWT",1392840299140026372,0,0,5,0,66376767,1392840299140026372,
2021-05-11T21:47:47.000Z,"Acabe de uma vez, pandemia, eu s√≥ quero ir presencialmente no campus da @UFPR üò≠üò≠üò≠",1392235010267168768,0,0,0,0,1114281457298694144,1392235010267168768,
2021-05-11T17:30:50.000Z,"Hoje, junto com a @MedicaLeticia, aprovamos na @CamaraCuritiba um sugest√£o ao munic√≠pio para realizar um termo de coopera√ß√£o entre Curitiba e a @UFPR, com o intuito de destinar recursos para o desenvolvimento da vacina contra a COVID-19

Seguimos firmes na luta contra a pandemia!",1392170347697512457,2,0,73,0,1016697971843502080,1392170347697512457,
2021-05-10T22:36:43.000Z,"Na quinta-feira (13), √†s 19h, vamos bater um papo com a professora Andr√©a Em√≠lia Marques Stinghen e o professor Emanuel Maltempi, ambos da @UFPR, sobre o papel das institui√ß√µes p√∫blicas de pesquisa no enfrentamento da pandemia.

‚úèüóì Anotem na agenda! https://t.co/IPoB23SNv2",1391884934932058112,2,0,12,1,170072545,1391884934932058112,
2021-05-04T21:30:15.000Z,"#PergunteAosCientistas edi√ß√£o cuidados redobrados na pandemia

Os cientistas da @UFPR responderam perguntas enviadas pela sociedade. Uma delas foi: as m√°scaras de tecido ainda s√£o eficazes? 

Confira a resposta no v√≠deo e mais respostas na mat√©ria! https://t.co/OufMFgG1fb",1389693883009966084,2,1,2,0,1334897483642793991,1389693883009966084,
2021-05-03T19:23:17.000Z,"N√£o perca a live com o tema ""A atua√ß√£o da Universidade no combate √† pandemia"", √© na quarta-feira (05). Com @ricardo_marcelo @UFPR 

Apoio de @J_LIVRES e @esmaelmorais https://t.co/wdBUxaqTWx",1389299542152171522,3,0,11,0,1366822829128380420,1389299542152171522,
2021-05-03T18:48:33.000Z,"#PergunteAosCientistas edi√ß√£o cuidados redobrados na pandemia.

Confira as d√∫vidas enviadas para n√≥s sobre sobre a Covid-19, vacinas, cuidados b√°sicos, contamina√ß√£o e reinfec√ß√£o, que foram respondidas por cientistas da @UFPR. 

Leia na nossa reportagem‚¨áÔ∏è
https://t.co/vW0pE6mCIx",1389290801407139850,4,0,10,0,1334897483642793991,1389290801407139850,
2021-04-27T18:06:44.000Z,"Viva a @UFPR, que est√° desenvolvendo uma vacina efetiva e bem mais em conta do que a Coronavac. Se houvesse um apoio efetivo do @governoparana desde o in√≠cio da pandemia, j√° ter√≠amos a vacina. Mas antes tarde do que nunca: √© hora de fortalecer a pesquisa!
https://t.co/wmCsHwqhwX",1387105952491614212,3,1,28,0,821001145359409152,1387105952491614212,
2021-04-26T20:47:31.000Z,UFPR prepara vacina contra Covid-19 mais barata #pandemia #covid19 #ufpr https://t.co/dw3Yk6mdWN,1386784026049064960,0,0,1,0,122684856,1386784026049064960,
2021-04-22T13:20:09.000Z,"O #TardeNacionalAmaz√¥nia conversou com a infectologista da @UFPR, Cristina Oliveira. A m√©dica ressaltou a import√¢ncia do uso de m√°scaras para enfrentar a pandemia de #covid19. Confira a entrevista: https://t.co/C9SGPK5XTo. 
üì∑TV Brasil https://t.co/M1PenAQrZl",1385221888310382592,3,0,6,0,1017112280696328193,1385221888310382592,
2021-04-19T18:30:44.000Z,"Ketelen Oliveira, doutoranda no Programa da P√≥s - Gradua√ß√£o em Gen√©tica da UFPR, fala do ‚ÄúPET SOS, Pandemia!‚Äù, game desenvolvido para conscientizar sobre a import√¢ncia das medidas preventivas contra a COVID-19.
#labi #ufscar #cdmf #ci√™ncia #fapesp #ufpr #covid19 #coronav√≠rus https://t.co/ZORxckka5h",1384212886478725129,12,1,15,1,64728191,1384212886478725129,
2021-04-16T17:22:59.000Z,"@_dvoraka @laix_inha @UFPR fmnfbdfnb pra qm achei eu mandei msg, esperando me responder (mas foram tipo 3 pessoas pandemia pq me matastes)",1383108674177105920,0,0,2,0,3339109965,1383105624704217090,3406037625
2021-04-12T23:01:40.000Z,√â com satisfa√ß√£o que divulgo a playlist de Estat√≠stica B√°sica do Departamento de Estat√≠stica UFPR: https://t.co/9NeMov5HQn Fruto de compromisso e trabalho coletivo em tempos de pandemia. #ufpr #ensinoremoto #ead #ensinoadistancia #estatistica https://t.co/wCEhFiVrv8,1381744355329912834,101,18,448,11,228190061,1381744355329912834,
2021-04-11T21:01:18.000Z,"Parab√©ns ao projeto de extens√£o PBMIH da @UFPR, que presta assist√™ncia e aulas de l√≠ngua portuguesa a imigrantes em Curitiba. Na mat√©ria, formas de auxiliar a comunidade durante a pandemia.

https://t.co/Eq5jWO4hbL",1381351677907849221,5,0,34,0,821001145359409152,1381351677907849221,
2021-04-09T10:03:02.000Z,@UFPR regulamenta atividades de ensino na pandemia e aprova calend√°rio acad√™mico de 2020 -&gt; https://t.co/HA9SKg2syL https://t.co/AIEjefz3Ma,1380461241483853824,0,0,0,0,53161078,1380461241483853824,23978439
2021-04-08T11:00:02.000Z,"Pesquisa revela que fome atingiu 19 milh√µes de brasileiros nos √∫ltimos meses de 2020. Saiba mais em entrevista com professor da @UFPR: https://t.co/n3QN97YLEM.
üì∑Pixabay https://t.co/GR9YV6AnrL",1380113196858572802,0,1,4,0,1017112280696328193,1380113196858572802,
2021-04-06T18:00:01.000Z,"#PergunteAosCientistas edi√ß√£o cuidados redobrados na pandemia.  

Cientistas da @UFPR responder√£o d√∫vidas sobre a Covid-19. Tem alguma pergunta? Envie aqui nos coment√°rios ‚¨á

Saiba mais informa√ß√µes em: 
üëâhttps://t.co/S9XPVnPKDEüëà https://t.co/SdkuyyMHZc",1379494114333487105,1,0,1,0,1334897483642793991,1379494114333487105,
2021-04-05T22:03:42.000Z,"#PergunteAosCientistas edi√ß√£o cuidados redobrados na pandemia.

Os cientistas da @UFPR respondem d√∫vidas da sociedade sobre a Covid-19, neste momento mais cr√≠tico que estamos passando. 

Envie sua pergunta aqui nos coment√°rios‚¨áÔ∏è
https://t.co/S9XPVnPKDE",1379193052087078913,2,1,1,0,1334897483642793991,1379193052087078913,
2021-04-02T01:29:49.000Z,"@UFPR UFPR, confere tb√©m esse prof da gen√©tica que passou a pandemia produzindo aulas dispon√≠veis em v√≠deo! @DouglasAdamoski
 https://t.co/zHzSkiXjet",1377795370256900099,0,0,4,0,18789229,1377287392940462084,23978439
2021-03-31T21:57:09.000Z,A @UFPR depois de um ano de pandemia  perguntando onde n√≥s estamos. Obrigado pela considera√ß√£o! #orgulhodeserufpr,1377379466343641093,0,2,21,0,706361012392480768,1377379466343641093,
2021-03-31T01:02:03.000Z,"30/03/21 ‚Äî  O dia que cada membro da minha fam√≠lia (menos minha irm√£, obg L√™) me disse pra largar a @UFPR  por conta da pandemia, arranjar um ""emprego de verdade"" e me sustentar sozinho.

vou mostrar esse tt na minha formatura!",1377063609700909065,0,0,6,0,1039690423256723456,1377063609700909065,
2021-03-30T12:06:00.000Z,"T√£o importante quanto a possibilidade de termos mais uma op√ß√£o para combater essa terr√≠vel pandemia, √© o orgulho de ver o PR protagonista nessa batalha. Parab√©ns pelo trabalho da @UFPR , uma grande honra para o nosso Estado e mais uma esperan√ßa de vit√≥ria p/ o Brasil! #COVID19 https://t.co/fYkqARguWf",1376868307991601154,3,4,62,0,42736936,1376868307991601154,
2021-03-29T17:20:55.000Z,Em mais uma reuni√£o remota da Frente Parlamentar do #coronavirus foi debatida compra de vacinas; desenvolvimento de um imunizante pela @UFPR; situa√ß√£o dos hospitais psiqui√°tricos ao longo da pandemia e o estoque de oxig√™nio no estado. Veja o que falaram alguns dos participantesüëáüèª https://t.co/BVEnWYO2V2,1376585170715873289,0,1,5,0,236508151,1376585170715873289,
2021-03-29T11:45:21.000Z,Entre os assuntos a serem debatidos est√° a compra de vacinas; Cons√≥rcio Paran√° Sa√∫de: o imunizante desenvolvido pela @UFPR: a situa√ß√£o dos hospitais psiqui√°tricos ao longo da pandemia e a quest√£o do estoque de oxig√™nio em todo o estado.,1376500724130004993,0,0,9,0,236508151,1376500724130004993,
2021-03-26T21:04:54.000Z,Paran√° participa de testes do antiviral que combate a multiplica√ß√£o do Covid-19 na fase precoce da doen√ßa.  Uma descoberta muito importante no combate √† pandemia. https://t.co/D1Met7oOxP #OAssunto√âFarmacia #Siga #Brasil #Covid19 #Saude #Pesquisa #Pandemia #VacinaParaTodosJa #UFPR https://t.co/BCGksM8L4Y,1375554377046450179,0,0,1,0,1290280697610076165,1375554377046450179,
2021-03-25T15:41:46.000Z,"@Emi_reserva @UFPR concorr√™ncia aumenta todo ano de qualquer forma, entretanto muita gente n√£o t√° fazendo prova na √©poca de pandemia por n√£o querer gastar dinheiro com algo incerto
sem falar que se qualquer modo a galera j√° vai ficar acumulada, afinal j√° se soma mais de um ano sem vest +",1375110667540238338,0,1,0,0,1159602257811398658,1375084353076789254,1154411423365308416
2021-03-24T13:55:04.000Z,"E DEPOIS DA PANDEMIA? üîé

Para conversar sobre o cen√°rio da pesquisa e p√≥s-gradua√ß√£o ap√≥s a pandemia, receberemos o professor Francisco Mendon√ßa, da @UFPR, em uma aula magna nesta quinta (25).

https://t.co/IIru87Lu9g",1374721428386353155,0,0,2,0,204377281,1374721428386353155,
2021-03-18T19:25:00.000Z,"A confirma√ß√£o vai depender da evolu√ß√£o da pandemia do coronav√≠rus nos pr√≥ximo meses e isso √© imprevis√≠vel. https://t.co/vaRhG1rLMp

#vestibular #UFPR #estudantes #Curitiba #TribunaDoParan√°",1372630131496341507,1,0,4,0,112786548,1372630131496341507,
2021-03-18T14:10:26.000Z,"Projeto de inclus√£o digital da @UFPR ensina para alunos da EJA no√ß√µes de tecnologiasüñ•Ô∏èüì± 
Com a pandemia e a suspens√£o das aulas, os pesquisadores buscam doa√ß√µes para dar continuidade na aprendizagem a dist√¢ncia. 

Vem conferir informa√ß√µes na reportagem‚¨áÔ∏è
https://t.co/kk4tUGC2f0",1372550969863602177,0,0,2,0,1334897483642793991,1372550969863602177,
2021-03-16T14:49:44.000Z,"Perdeu? Quer reassistir ou compartilhar com amigos? Acesse o v√≠deo no nosso YouTube: https://t.co/M6pW53jCrx
(+)

#Ciencia #ufpr #divulga√ß√£ocient√≠fica #Covid_19 #coronavirus #ivermectina #cloroquina #pandemia #tratamentoprecocecovid19",1371836081809817604,0,0,2,0,1334897483642793991,1371836080161484814,1334897483642793991
2021-03-16T02:13:15.000Z,"@AndreCaon @UFPR @marianecsilva1 @ricardo_marcelo O chin√™s tem uma situa√ß√£o pand√™mica minimamente controlada, n√≥s n√£o
Sem falar que nosso problema hoje n√£o √© a quest√£o do ensino superior, √© falta de emprego qualificado e ind√∫stria n√©? Antes da pandemia quantos engenheiros, m√©dicos e professores trabalhando de Uber?",1371645709540327430,0,1,0,0,760602909516107776,1371601171576655872,145513800
2021-03-16T01:25:53.000Z,"@UFPR √â frustrante, mas √© a decis√£o mais racional. Quem acha ruim, assim como eu, tem que manter o isolamento para essa pandemia acabar logo.",1371633786224570370,0,0,1,0,227488630,1371554461655654402,23978439
2021-03-16T00:02:34.000Z,"@UFPR @_callmethiago Mano, PRA QU√ä marcar vestibular em plena pandemia dona UFPR? Devia nem ter marcado. N√£o segue nem dar EAD direito para os atuais alunos imagina os novos",1371612819783880707,0,0,1,0,83431349,1371554461655654402,23978439
2021-03-15T22:21:16.000Z,"@matheus_lol2021 @UFPR ps√©, qualquer processo seletivo agr √© injusto, pq, por exemplo, um aluno de col√©gio p√∫blico n√£o teve nem 1/3 do suporte de aluno de col√©gio privado durante a pandemia e msm assim eles v√£o ter q competir com esse pessoal",1371587326195957762,0,1,0,0,1108543730745782272,1371554461655654402,3001334344
2021-03-15T22:05:53.000Z,"@UFPR a decis√£o √© a mais acertada mesmo.
mas, e o Provar?
ano passado esperei e √± teve por conta da pandemia; a√≠ me inscrevi no vestibular por medo do meu processo de transfer√™ncia √± dar tempo...üôÑ
medo de perder tudo q eu j√° fiz...üòü",1371583456296189952,0,1,1,0,1097138087350677505,1371554461655654402,23978439
2021-03-15T21:00:00.000Z,@akatadrummond @gwithcris @UFPR ue se for ver a l√≥gica quem n√£o foi fazer o enem por causa da pandemia tamb√©m n√£o faria a prova da ufpr ja q a covid t√° muito pior do que quando foi o enem ü§∑‚Äç‚ôÇÔ∏è,1371566875180732416,0,4,5,0,1009605411220148230,1371554461655654402,1114959106719264784
2021-03-15T20:46:18.000Z,@tomhorlem @UFPR Eu real tenho a certeza de que eles v√£o adiando e adiando (essa √© a QUINTA data desde o come√ßo da pandemia) at√© ver que n√£o d√° mais tempo e v√£o ter que pensar de √∫ltima hora uma outra forma de ingresso enquanto faz o estudante de idiota,1371563430793121794,0,1,2,0,959171906778943488,1371554461655654402,959171906778943488
2021-03-11T23:17:59.000Z,"Vem a√≠ a 2¬™ edi√ß√£o do Divulga Ci√™ncia AE!

Dia 16 de mar√ßo, a partir das 10h, no canal do Youtube da #AE. Conhe√ßa os cientistas que participar√£o do evento‚¨áÔ∏è

#Ciencia #ufpr #divulga√ß√£ocient√≠fica #Covid_19 #coronavirus #ivermectina #cloroquina #pandemia #tratamentoprecocecovid19 https://t.co/NG8fr1vjUN",1370152048302424066,2,0,0,0,1334897483642793991,1370152048302424066,
2021-03-10T19:00:00.000Z,"O N√∫cleo de Pesquisas Educacionais da @UFPR criou uma s√©rie de v√≠deos no YouTube para falar sobre a educa√ß√£o do nosso pa√≠s durante a pandemia. 
O primeiro v√≠deo √© sobre a volta √†s aulas presenciais.

Acesse a mat√©ria e saiba mais sobre a iniciativa!‚¨áÔ∏è
https://t.co/M8HYqxM7BB",1369724737039998982,1,0,4,0,1334897483642793991,1369724737039998982,
2021-03-09T20:47:52.000Z,"O evento √© uma parceria com o Setor de Ci√™ncia Biol√≥gicas da @UFPR e contar√° com a participa√ß√£o de cientistas da √°rea.

#ci√™ncia #ufpr #divulga√ß√£ocient√≠fica #AE #AgenciaEscolaUFPR #covid #covid_19 #coronav√≠rus #ivermectina #cloroquina #pandemia #medicina #tratamentoprecocecovid19",1369389495552983040,1,0,0,0,1334897483642793991,1369389493871140869,1334897483642793991
2021-03-05T21:27:24.000Z,"#PergunteAosCientistas especial volta √†s aulas‚úèÔ∏è

D√∫vidas sobre os processos pedag√≥gicos na pandemia e cuidados com a covid-19? Cientistas da @UFPR  respondem!
Envie sua pergunta aqui nos coment√°rios‚¨áÔ∏è https://t.co/WIuDoZiOVk",1367949891394273285,2,1,3,0,1334897483642793991,1367949891394273285,
2021-03-05T09:00:10.000Z,"üì£ New Podcast! ""#132 - Impactos na sa√∫de mental dos estudantes com o adiamento do vestibular"" on @Spreaker #adiamento #estudantes #estudo #foco #pandemia #psicologia #ufpr #vestibular https://t.co/P0QW33ULcY",1367761847374524418,0,0,1,0,47026370,1367761847374524418,
2021-03-04T22:52:36.000Z,"Vem a√≠ a segunda edi√ß√£o do #DivulgaCi√™nciaAE! 

Fique conectado! Em breve mais informa√ß√µes em nossas redesüòâ
#ci√™ncia #ufpr #divulga√ß√£ocient√≠fica #AgenciaEscolaUFPR #covid #covid_19 #coronav√≠rus #ivermectina #cloroquina #pandemia #medicamentos #medicina #tratamentoprecocecovid19 https://t.co/Du3cijEh5i",1367608947956453377,1,0,2,1,1334897483642793991,1367608947956453377,
2021-03-04T13:00:00.000Z,"#PergunteAosCientistas edi√ß√£o volta √†s aulasüìò‚úèÔ∏è  
Cientistas da Educa√ß√£o da @UFPR responder√£o d√∫vidas sobre impactos da pandemia no aprendizado das crian√ßas e tamb√©m sobre cuidados com a Covid-19. Tem alguma pergunta? Envie ela aqui nos coment√°rios ‚¨á

https://t.co/guLqQ0tsp9",1367459816126484485,3,0,1,0,1334897483642793991,1367459816126484485,
2021-02-23T15:55:58.000Z,"@_hik_ioh @UFPR Vc n realizou nenhuma prova durante a pandemia n√©?Pois diversas provas p√∫blicas tinham distanciamento entre carteiras,uso d m√°scara obrigat√≥rio(inclusive n consumir alimentos)etc.Culpar a pandemia pelo adiamento da prova s√≥ mostra n organiza√ß√£o da universidade com esses quesitos",1364242605282893826,0,0,0,0,1140965846594007040,1363969104361758722,1041365780288495616
2021-02-23T15:50:49.000Z,@_hik_ioh @UFPR Diversas universidades mostraram ser poss√≠vel acomodar milhares de candidatos com seguran√ßa.Ver a promo√ß√£o da prova cm‚Äùchutar o pau da barraca‚Äùmostra um pensamento c√¥modo de n adapta√ß√£o √† nova realidade.A pandemia n√£o impede a realiza√ß√£o segura da prova.A pandemia n√£o √© desculpa,1364241310102749193,0,1,0,0,1140965846594007040,1363969104361758722,1041365780288495616
2021-02-23T15:45:46.000Z,@AquinoJami @UFPR E a quest√£o da pandemia n√£o acabar ainda √© responsabilidade do governo mesmo que t√° ativamente atuando pra que ela continue. N√£o significa que √© hora de chutar o pau da barraca e matar pessoas em nome de uma prova (que √© o que aconteceria se o vestibular se mantivesse),1364240038805012487,0,2,0,0,1041365780288495616,1363969104361758722,1041365780288495616
2021-02-23T12:28:20.000Z,"@_hik_ioh @UFPR Se em mais de um ano de pandemia a situa√ß√£o n√£o melhorou, vc acha que em um m√™s vai,milagrosamente, melhorar?Oq  n√£o entendem √© q tem sim como realizar o concurso com seguran√ßa na pandemia.Tempo extendido de entrada e sa√≠da das pessoas em hor√°rios diferentes por exemplo ajuda mt",1364190354774327303,0,1,1,0,1140965846594007040,1363969104361758722,1041365780288495616
2021-02-23T00:32:47.000Z,"No ano passado, a @UFPR foi a √∫ltima universidade do Estado a iniciar aulas pela internet depois da suspens√£o da pandemia. Ontem, o N√∫cleo de Concursos da universidade cancelou o concurso da Pol√≠cia Civil a horas de sua realiza√ß√£o. Hoje, foi a vez da institui√ß√£o cancelar... https://t.co/ISGgTCvEqr",1364010279911235584,0,2,6,0,55370663,1364010279911235584,
2021-02-22T23:08:04.000Z,"Eu entendo os estudantes que est√£o criticando o adiamento do vestibular da @UFPR, mas considerem que estamos em uma pandemia e o nosso Estado est√° a beira de um colapso na sa√∫de por causa da Pandemia. Parab√©ns pela atitude UFPR. https://t.co/kjyZJg404u",1363988958582104076,0,0,0,0,1261317519840817152,1363988958582104076,
2021-02-22T22:37:03.000Z,"@UFPR descobriu a pandemia essa semana, fofa?",1363981156128014342,0,0,2,0,2842934295,1363981156128014342,23978439
2021-02-22T22:27:18.000Z,@UFPR N√£o imaginava que a pandemia iria continuar n√©? Precisava mesmo remarcar na semana da prova...,1363978700597952514,0,1,6,0,1087515836955443200,1363969104361758722,23978439
2021-02-22T22:23:24.000Z,@UFPR PANDEMIA S√ì ACABAR√Å DAQUI 2 ANOS. NADA A VER ADIAR,1363977718895943680,0,0,0,0,882189290582814720,1363969104361758722,23978439
2021-02-22T22:18:45.000Z,"@FeliPellissari @UFPR Pra remarcar sim. Mas da pra cancelar o voo. 

‚Äúconsumidor continua com direito a cancelar o voo contratado devido a imprevistos da pandemia. Al√©m da devolu√ß√£o do dinheiro, o valor integral da passagem pode ser convertido em cr√©dito para ser utilizado na compra de outro bilhete‚Äù",1363976548039196673,0,1,2,0,54517080,1363969104361758722,876200092298076161
2021-02-22T22:16:10.000Z,"@FeliPellissari @UFPR Tem como cancelar e remarcar por causa da pandemia. 

Consulta tua cia a√©rea e fala sobre essa MP. A pandemia t√° ferrando todo mundo. 

https://t.co/HQfKUBBbvj",1363975897477431303,0,1,1,0,54517080,1363969104361758722,876200092298076161
2021-02-22T22:15:02.000Z,"@gigibsy @20tompessoa @UFPR Mo√ßa, tem lei que durante a pandemia do coronav√≠rus a remarca√ß√£o ou cancelamento  poder√° ser gratuita 

Vale at√© outubro deste ano 

https://t.co/HQfKUBBbvj",1363975613019795458,0,1,1,0,54517080,1363969104361758722,1112910940503244800
2021-02-22T20:17:53.000Z,Al√¥ @UFPR sabe me dizer se a feira de org√¢nicos no campus da  agr√°rias ainda est√° acontecendo? Ou ainda est√° suspensa devido a pandemia ?,1363946130510340099,0,0,0,0,189969125,1363946130510340099,
2021-02-22T16:58:08.000Z,"Ser√° que foi mesmo a pandemia o motivo do adiamento do concurso da #PCPR? N√£o sei, mas isso t√° com cara da turminha da esquerda da #UFPR! @ratinho_jr",1363895865417601028,0,0,0,0,82683852,1363895865417601028,
2021-02-21T14:16:59.000Z,"@leomorotti @UFPR Fazer um concurso desses em meio a uma pandemia onde o Brasil sequer possui, hoje, vacinas para sua popula√ß√£o, j√° √© um erro.",1363492921203445761,0,0,1,0,53249988,1363483737204359170,68573153
2021-02-20T05:45:05.000Z,"@rafaelspengler @UFPR Ent√£o,  era para ser divulgado dia 17 e mudaram para hoje (19) os precisaram descentralizar os locais em fun√ß√£o da pandemia para Curitiba e regi√£o metropolitana.   
Site t√° fora do ar desde o hor√°rio previsto,  que era ali por 17 ou 18h, n√£o lembro ao certo.   
N√£o sei nem isso",1363001707433779201,0,2,1,0,24121876,1362964419462979586,16423431
2021-02-20T03:21:49.000Z,@kuuit @UFPR Sair de casa para andar 800km sem saber local da prova por causa de amadorismo.  Sabem h√° meses o n√∫mero de inscritos e a quest√£o da pandemia.,1362965655478300673,1,1,1,0,24121876,1362964419462979586,160008551
2021-02-20T00:51:09.000Z,"Desde maio/2020 a @UFPR sabe que a prova da #PCPR tem mais de 100 mil inscritos. Tamb√©m sabe da pandemia, que ainda n√£o chegou vacina na geral e que n√£o pode aglomerar. Quando que realocam os locais de prova? Menos de 48h antes da aplica√ß√£o.",1362927739804737539,0,0,16,0,284785955,1362927739804737539,
2021-02-19T16:00:01.000Z,"O minicurso ""F√≠sica Moderna e Contempor√¢nea em Tempos de Pandemia: Por que, o que e como fazer?"" da @UFPR Student Chapter est√° com inscri√ß√µes abertas!

O curso √© voltado p/ estudantes de gradua√ß√£o e professores do ensino m√©dio e superior üë©‚Äçüè´üë®‚Äçüíª

Saiba mais: https://t.co/p8mVC8WNKL",1362794074047188999,3,0,5,0,1229841805736316929,1362794074047188999,
2021-02-18T18:55:16.000Z,"Pelo jeito s√≥ o @TJRSoficial se preocupa com a sa√∫de da sua  popula√ß√£o e com o Brasil! 
Inexplic√°vel a insist√™ncia da @UFPR e da @pcpr_oficial em manter uma aglomera√ß√£o gigantesca dessa (100k + parente/acompanhate) no momento mais cr√≠tico da pandemia! 
Td c/ aval do @TJPRoficial https://t.co/Jgy8XTU9Hf https://t.co/GHVd05fWU2",1362475790827483139,1,0,4,0,1157882808641212416,1362475790827483139,
2021-02-06T11:51:51.000Z,"@gleisi @UFPR Quase um ano ap√≥s in√≠cio da pandemia no Brasil, agora que os conselhos, federa√ß√µes e classe m√©dica se manifestou contra os tratamentos com rem√©dios que n√£o fazem efeito algum no combate ao Covid-19, onde estavam esta gente?",1358020580688228352,0,0,0,0,3112339413,1357856540967923713,31139434
2021-02-06T11:14:36.000Z,"@gleisi @croismo @UFPR O azar do Brasil no meio de uma pandemia, ter o Bozo como presidente e o general Panzuello como ministro da sa√∫de. Os cavaleiros do apocalipse.",1358011204845920257,2,0,2,0,103097242,1357856540967923713,31139434
2021-02-05T21:06:45.000Z,@gleisi @UFPR Cloroquina s√≥ serviu para negar pandemia e governo se atrasar na compra de vacinas. Incompet√™ncia ou genoc√≠dio?,1357797838382637056,0,1,2,0,1167916744041783296,1357766599428685825,31139434
2021-02-05T19:21:26.000Z,"@gleisi @macedo_sierra @UFPR N√£o tenho muito simpatia pela Sra. @Geisi, contudo, por ser pesquisador e ler e entender os artigos originais, est√° novamente correta em suas observa√ß√µes. Desde antes da pandemia chegar ao Brasil, todos sabiam na ANVISA e no Minist√©rio da Sa√∫de dessa fakenews da medica doida.",1357771333363449864,0,0,0,0,3698226315,1357766599428685825,31139434
2021-02-04T20:19:09.000Z,"@rickywillians @SandraL53264186 @UFPR Porque se tem uma coisa que fiz desde o inicio da pandemia foi trabalhar pra sa√∫de. E muito.
A√≠ vem um moleque negacionista da ci√™ncia me ofender? 
Coronalover a pqp
Esfrego meus diplomas na cara mesmo ! Gra√ßas a eles entendo do que to falando",1357423471266066435,0,1,1,0,1327229417878409216,1357130580291424258,1327229417878409216
2021-02-04T19:38:09.000Z,"@rickywillians @SandraL53264186 @UFPR vai se fuder 

Trabalho na sa√∫de,  2020 foi o ano mais pesado da minha vida 
O que mais quero eh acabar a pandemia 

Animal",1357413153626292226,0,1,1,0,1327229417878409216,1357130580291424258,34326165
2021-02-04T19:37:20.000Z,@JovemDeMeiaIdad @SandraL53264186 @UFPR Coronalover. T√° se deliciando com a Pandemia,1357412947958579207,0,1,0,0,34326165,1357130580291424258,1327229417878409216
2021-02-04T19:15:14.000Z,"@flaviomoraes939 @UFPR @professorxx1 Eu tomei ch√° de cidreira antes e n√£o senti nada, tomei antes da pandemia.",1357407382347927553,0,0,19,0,88517147,1357130580291424258,1621511419
2021-02-04T13:56:25.000Z,"@SandraL53264186 @UFPR Existem indica√ß√µes m√©dicas, baseadas em evid√™ncias cient√≠ficas, para cloroquina e HCQ, como mal√°ria, l√∫pus e artrite reumat√≥ide. 
N√£o devemos demonizar um princ√≠pio ativo pela sua m√° utiliza√ß√£o na pandemia, os riscos e benef√≠cios s√≥ podem ser avaliados por m√©dicos",1357327149531881472,1,3,62,0,1024370919853187072,1357130580291424258,1349405636036087809
2021-02-03T17:53:27.000Z,"@pcpr_oficial @UFPR sit extremamente delicada.. cias desmarcando viagens na dta da prova, mp instaurando a√ß√£o civil p√∫b p apurar irregularidades de provas durante a pandemia e por a√≠ vai.o princ da seguran√ßa jur√≠dica n√£o s√≥ abarca, mas imp√µe, manifesta√ß√£o sobre o exame 21.02 help",1357024413892423690,0,0,0,0,1129835648498753536,1357024413892423690,1095935839765442560
2021-01-29T14:47:49.000Z,"Faixa ‚ÄúVacina √© ci√™ncia, vacina √© vida‚Äù √© colocada na @UFPR. O ato tem grande significado, j√° que √© a ci√™ncia que est√° come√ßando a virar o jogo contra a pandemia. Os organizadores tamb√©m colocaram 2550 rosas que representam os mortos pela Covid-19 em Curitiba. https://t.co/CJvv18RpbB",1355165759287259139,39,0,214,3,30988576,1355165759287259139,
2021-01-27T01:16:54.000Z,"@FranklinJE @UFPR Fora os que se foram por outras causas, mas em decorr√™ncia da pandemia, pois o isolamento agravou muitas doen√ßas cr√¥nicas üòûüòû",1354236908415705092,0,0,1,0,3316290429,1354074873413382145,30988576
2021-01-11T15:50:57.000Z,The latest P√≥s-gradua√ß√£o em dia ! https://t.co/OP5kTgE5lO Thanks to @UFPR @RaquelATeixeira @uespioficial #pandemia #edital,1348658666443038721,0,0,0,0,31197706,1348658666443038721,
2021-01-08T00:23:27.000Z,"@UFPR Em mi√∫dos, apontaram que a gest√£o descoordenada da pandemia na Regi√£o Metropolitana de Curitiba n√£o impediu o cont√°gio, que come√ßou nos bairros ricos da capital, espalhou-se pela periferia (seguindo os eixos do transporte p√∫blico) e chegou aos munic√≠pios vizinhos.",1347338090688507907,1,1,0,0,3119735962,1347337705533935616,3119735962
2021-01-08T00:21:55.000Z,"Grande Curitiba n√£o enfrentou a pandemia, s√≥ ‚Äúgerenciou‚Äù, afirmam pesquisadores da @UFPR &gt; https://t.co/snPP3ebPD9

Os cientistas sociais analisaram seis meses de dados e de pol√≠ticas p√∫blicas. Confira a pesquisa &gt; https://t.co/icy5Qs6cml",1347337705533935616,1,1,0,0,3119735962,1347337705533935616,
2020-12-31T02:44:58.000Z,"PESQUISADORES da @UFPR analisaram os 6 meses iniciais da pandemia na Grande Curitiba e afirmam: n√£o houve enfrentamento, s√≥ ""gerenciamento"" dos doentes. Link e detalhes do estudo aqui &gt; 
https://t.co/snPP3dUeez",1344474599195459585,2,0,5,0,3119735962,1344474599195459585,
2020-12-29T15:38:12.000Z,Eu morro de orgulho do Hospital de Cl√≠nicas da @UFPR a cada reportagem que vejo na pandemia. Bom ter motivos para acreditar,1343944414515892226,4,1,78,1,53451515,1343944414515892226,
2020-12-21T16:22:00.000Z,"A @UFPR aproveitou a pandemia pra RECOLOCAR O BUSTO DE SUPLICY DE LACERDA na Reitoria.

Foi agente da ditadura na UFPR e no MEC, perseguidor ferrenho dos estudantes.

O busto foi derrubado pelos estudantes em 1968 e em 2014 e recolocado em 2020 pela gest√£o de Ricardo Marcelo. https://t.co/wZZklXKADS",1341056336155578374,41,21,282,27,164548336,1341056336155578374,
2020-12-18T10:00:01.000Z,"üò∑Segundo o Grupo de Pesquisa em Sociologia e Pol√≠ticas Sociais da @UFPR, ao inv√©s do poder p√∫blico evitar que o v√≠rus circulasse e infectasse as pessoas, optou por manter o cont√°gio sob n√≠veis considerados toler√°veis na Regi√£o Metropolitana de Curitiba.
https://t.co/jmBhYkGRdA",1339873043489931264,0,0,2,0,59955682,1339873043489931264,
2020-12-01T19:36:32.000Z,"@borlettir @UFPR Felicitaciones Daniel! Logro acad√©mico x 1000, por pandemia.",1333857532314578945,0,0,1,0,3072167844,1333834722418495491,329963439
2020-11-20T23:49:28.000Z,Papo legal com o pessoal querido do canal Enfrente da nossa @ufpr. Aspectos do sono na pandemia https://t.co/UaVUJ9nqAo via @YouTube,1329934920953819136,0,0,1,0,1167470918194663424,1329934920953819136,
2020-11-20T14:32:35.000Z,"S√£o ofertadas 400 vagas. A data foi definida em uma reuni√£o da comiss√£o do concurso com a banca examinadora da Universidade Federal do Paran√°. Marcado anteriormente para 26 de julho deste ano, o concurso foi adiado em fun√ß√£o da pandemia.
#PCPR #UFPR https://t.co/YpRBSVMkvr",1329794773889261572,0,0,0,0,67404843,1329794773889261572,
2020-11-18T16:04:29.000Z,@lonelydyingclub @UFPR Meu medo √© eles ano estarem abrindo na pandemia sabe,1329093127454547968,0,2,1,0,959171906778943488,1329079201018744833,1038528694002831361
2020-11-12T20:38:00.000Z,"Pesquisa de mestrado em Psicologia na @UFPR indica que terapia online, recorrente nestes tempos de pandemia, n√£o perde em qualidade, em rela√ß√£o √†s sess√µes presenciais:
https://t.co/J6lLlUbOJV",1326987631591370752,0,0,1,0,830052063891558400,1326987631591370752,
2020-11-11T13:51:07.000Z,"Desde o in√≠cio desta pandemia, estamos vivendo um estado de preocupa√ß√£o constante com o nosso futuro. Como lidamos com estes novos sentimentos na nossa vida cotidiana? CnB convida Dr. Geissy Ara√∫jo (@ufrnbr) e Eliane Xavier (#UFPR). SEXTA 13/11 as 18h00.
https://t.co/9hYzPfTpFd https://t.co/neev2vWIcw",1326522847884349441,0,0,1,0,1193840459581394949,1326522847884349441,
2020-11-07T18:33:00.000Z,"#Porquehoje√©s√°bado √© dia de... compartilhar.
Fez ou tem feito arte durante a pandemia?
Um projeto da @UFPR recebe express√µes em v√°rias linguagens (fotos, v√≠deos, desenhos, poesia etc).
N√£o precisa ser nada profissional. Basta te fazer bem:
https://t.co/PrI0wykkG7",1325144235205677056,0,0,2,0,830052063891558400,1325144235205677056,
2020-11-06T22:35:22.000Z,"Foi um prazer .... participar, ""O Vir√∫s"" IV Congresso Acad√™mico Nilo Cairo d√° @UFPR ...  a√≠, vamos falar sobre favela, em tempos de pandemia. na pr√≥xima semana vamos estar no congresso da FAG https://t.co/77hV3KUst0",1324842839885434887,0,0,0,0,173175519,1324842839885434887,
2020-10-30T13:54:08.000Z,"üö® #Not√≠cia üö®
üëâ Ap√≥s o adiamento devido a pandemia do #coronav√≠rus, as provas do #concurso da #PMPR acontecer√£o em 28 de mar√ßo de 2021. A #nova #data foi definida foi ap√≥s tratativas da corpora√ß√£o e a #UFPR junto √† Secretaria de Estado da Sa√∫de.

https://t.co/fyPWDOwYXm",1322174954780151810,0,0,0,0,1253362956387188736,1322174954780151810,
2020-10-28T17:25:04.000Z,"Saudade de andar pelos corredores c estas camisetas na @UFPR, n√© minha filha?!!!
Ohhhh saudade de ficar na fila do RU, do elevadores, de fugir do orientador, de implorar uma horinha p orienta√ß√£o....
Sim estou c saudade da @UFPR!
Acaba logo pandemia
#ConhecimentoLiberta https://t.co/KMrBofFBFJ",1321503262613377025,0,0,0,0,2696083660,1321503262613377025,
2020-10-28T05:36:39.000Z,"@pluraljorbr Claro, voltar as aulas no meio da pandemia √© loucura. O povo t√° todo em nega√ß√£o... Como se a pandemia tivesse acabado... Muito louco isso, parece loucura coletiva. Bom saber que ainda temos alguma racionalidade na @UFPR !",1321324983595995137,1,0,2,0,39990331,1321050000663678981,1083416253069447170
2020-10-21T23:31:10.000Z,"@UFPR @ricardo_marcelo Muito orgulho de ser UFPR, professor!!

P√≥s pandemia a gnt vai tomar caf√©, n√©? Hehe",1319058679153463300,0,0,1,0,3167570146,1319038477644812288,23978439
2020-10-20T12:23:20.000Z,"""Tempo de guerra, fomos acionados e respondemos. Trabalho com fauna urbana. Mas na pandemia passei a atender seres humanos"". Professor Biondo, da @UFPR - aula de cidadania. Orgulho!

https://t.co/16RWi6XsnV",1318528223907643392,0,0,3,0,22151873,1318528223907643392,
2020-10-17T14:05:56.000Z,"‚ù§ A Rede de Apoio do Curso de Pedagogia da @UFPR foi criada para acolher noss@s estudantes durantea pandemia.Dentre as a√ß√µes desenvolvidas, temos apoio psicol√≥gico, financeiro, pedag√≥gico e para as ""M√£es estudantes da Pedagogia"". Escute as dicas: 
https://t.co/1RVKuWcoyt",1317466879611572226,0,1,3,0,266786809,1317466879611572226,
2020-10-16T16:43:49.000Z,"A qualidade e a dura√ß√£o do sono das pessoas est√£o sendo impactadas pela pandemia de COVID-19, causando efeitos positivos e negativos

Conversamos com o Fernando Louzada, pesquisador da @UFPR, que fala sobre os aspectos da pandemia que influenciam o sono

üì≤https://t.co/lOwan43uU9 https://t.co/ZUUWb2vCHs",1317144225977434113,5,1,8,1,1247767788048924674,1317144225977434113,
2020-10-15T11:16:48.000Z,"Para celebrar o Dia dos Professores (15 de outubro) ser√° realizado hoje um ‚ÄúHappy Hour‚Äù com o tema ‚Äúdesafios de ser m√£e e professora em tempos de pandemia!‚Äù.

N√£o √© necess√°ria inscri√ß√£o! Link (Discord): https://t.co/HJn3yOY9GW

#diadoprofessor
#1_edurede
#edurede
#ufpr https://t.co/St4aYhWxBx",1316699541262012417,0,0,0,0,36672198,1316699541262012417,
2020-10-12T16:52:15.000Z,"Estudo com a UFPR investiga h√°bitos de comunidades acad√™micas na pandemia; veja como participar @ufpr
https://t.co/cK9hl6PGbr",1315696797772210176,0,0,0,0,833512759,1315696797772210176,
2020-10-04T00:40:06.000Z,"V√≠deos ajudam campus de Jandaia manter viva a rela√ß√£o entre universidade e escola durante a pandemia: 
https://t.co/JzU24Zimot
@UFPR #UFPR",1312553042844307459,0,0,4,0,93330115,1312553042844307459,
2020-10-02T13:42:31.000Z,"Projeto de Extens√£o da @UFPR para auxiliar pessoas que querem ingressar na universidade. Os encontros s√£o via Google Meet.
https://t.co/8wB6Ajv48m",1312025172346630146,3,0,5,0,60465985,1312025172346630146,
2020-09-27T17:13:35.000Z,https://t.co/zveDB1BUaR #ufpr #covid,1310266349424447488,0,0,0,0,833512759,1310266349424447488,
2020-09-27T17:10:31.000Z,https://t.co/zveDB1BUaR @UFPR,1310265575558574087,0,0,0,0,833512759,1310265575558574087,
2020-09-23T23:37:18.000Z,"De 16 a 19/11, mestrandos em Educa√ß√£o da UFPR, apoiados pelo GEPETE e PPGE (UFPR), promovem o I EduRede - ‚ÄúUso das TDIC na Educa√ß√£o em Tempos de Pandemia‚Äù. 

Submiss√£o de relatos de experi√™ncia at√© 23/10! 

Info: 1edurede@gmail.com/Instagram: @edurede_1

#edurede #1_edurede #ufpr https://t.co/phafYV0Njl",1308913362886184960,0,0,0,0,36672198,1308913362886184960,
2020-09-23T23:31:15.000Z,"Muitos desafios, aprendizados e esperan√ßa. 

O semin√°rio internacional EDUREDE est√° com submiss√£o de relatos de experi√™ncia at√© 23/10.

Informa√ß√µes/d√∫vidas: 1edurede@gmail.com 

Instagram: @edurede_1

#EduRede #1_edurede #ufpr #submiss√£o #relatos

https://t.co/BWBC21q3jM",1308911837140975627,0,0,0,0,36672198,1308911837140975627,
2020-09-23T13:38:40.000Z,Pandemia refor√ßa papel da divulga√ß√£o cient√≠fica para conhecimento chegar √† sociedade; Ag√™ncia Escola da @UFPR  lan√ßa hotsite https://t.co/wRvQczHTxT,1308762711229112325,1,1,8,0,93330115,1308762711229112325,
2020-09-04T17:22:00.000Z,"#sextou
e se voc√™ quiser deixar suas experi√™ncias na pandemia registradas numa c√°psula do tempo, pode participar desse projeto da @ufg_oficial
https://t.co/9QaqHsTe9x
via @UFPR
#UniversidadeP√∫blica: noticiamos
#FicaEmCasa",1301933543640109056,0,0,1,0,830052063891558400,1301933543640109056,
2020-08-31T19:39:12.000Z,Chegando na @UFPR quando acabar a pandemia. https://t.co/2VTbEi2Je5,1300518519356960776,0,0,1,0,1097754639477497857,1300518519356960776,
2020-08-25T13:51:55.000Z,"Acaba de entrar na Bori um novo estudo preliminar (preprint) de f√≠sicos das federais de Pernambuco, Sergipe e Paran√° sobre evolu√ß√£o da pandemia no Brasil neste m√™s de agosto:
https://t.co/3pNEW6d3y4
@RedeSciELO @AscomUFPE @UFPR https://t.co/slgrYhD61W",1298256796075712513,4,0,21,1,1219607448664838144,1298256796075712513,
2020-08-21T19:24:47.000Z,"@UFPR Importante iniciativa que, alem de aproximar p√≥s-graduac√£o da gradua√ß√£o, produz um repensar das pr√°ticas no ensino do c√°lculo. Sobretudo nessa √©poca de pandemia, a iniciativa se tornou crucial permitindo a oferta de dezenas de turmas.

Parab√©ns!",1296891013936578560,0,0,3,0,162045825,1296889563667931142,23978439
2020-08-20T22:08:27.000Z,"A @UFPR publica informa√ß√µes sobre a relev√¢ncia dos exerc√≠cios f√≠sicos durante a pandemia. A reportagem dialoga com a Dra. Neiva Leite, que possui v√°rios artigos publicados na @jphyseduc . No endere√ßo vai o √∫ltimo deles:
https://t.co/n9CYamLHTZ https://t.co/4ag1BJAgsL",1296569815918944256,0,0,3,0,1253401760552685569,1296569815918944256,
2020-08-19T21:58:48.000Z,"Bem que a @UFPR poderia ampliar o prazo de inscri√ß√£o do Processo Seletivo do Doutorado em Educa√ß√£o 20/21 n√©?
Escrever no meio de uma pandemia com tantas vidas perdidas √© muito dif√≠cil e dolorido pra quem trabalha com Sensibilidade na Educa√ß√£o.O tempo de agora n√£o √© mesmo de antes",1296204997114368001,0,0,2,0,92600192,1296204997114368001,
2020-08-18T22:13:30.000Z,"üö® #Not√≠ciaüö®

N√£o foi desta vez que o novo cronograma do #concurso da @pcpr_oficial  foi definido. Em reuni√£o realizada na tarde desta ter√ßa(18), a PC PR e a @UFPR decidiram manter suspensa a realiza√ß√£o das provas devido √† pandemia do novo coronav√≠rus.

https://t.co/pJsS6XwUZs",1295846308012531718,0,0,0,0,1253362956387188736,1295846308012531718,
2020-08-18T19:21:04.000Z,"vou ter que refazer o vestibular s√≥ pra mudar de turno, muito legal hein @UFPR, voc√™ √© mandado embora do trabalho antigo no meio da pandemia, precisa achar outro com urg√™ncia sem poder escolher o hor√°rio pra n√£o passar fome e simplesmente n√£o pode alterar o turno do curso",1295802915047776257,0,0,0,0,562264200,1295802915047776257,
2020-08-17T12:23:36.000Z,"alo @UFPR vamos ajudar o vestibulando paranoico em pandemia liberando o edital do vestibular, vamos?",1295335468641419266,0,0,2,0,3315070971,1295335468641419266,
2020-08-11T20:59:18.000Z,"Nossa turma √© negligenciada desde o 3 semestre do curso, agora a coordena√ß√£o quer q os alunos fa√ßam 3 semestres de mat√©rias reprovados em um semestre q j√° tem 6 mat√©rias em plena PANDEMIA, caso queira se formar em 4 anos. Esperava mais bom senso de uma coordena√ß√£o da @UFPR",1293290919979028481,0,0,0,0,236111658,1293290919979028481,
2020-08-06T13:01:13.000Z,"O que mudou depois do in√≠cio da pandemia e como o nosso mundo foi impactado em um caminho sem volta?

Quem responde um pouco sobre isso √© o professor Rodrigo Acras, em um breve texto. Confira: https://t.co/I7rsKF59PO

#UFPR #INSTA #MundoVUCA https://t.co/PhaszPnpAr",1291358667531603968,1,0,2,0,1219990315374989315,1291358667531603968,
2020-07-21T23:05:06.000Z,@Cristiano_Barba @brunoleema @UFPR nesse momento s√≥ custa a pandemia acabar que j√° compro a passagem pra curitiba e ainda levo a fixa HAHAHAHA &lt;3,1285712435433943040,0,0,1,0,1239369121395064832,1285647879185604608,115251792
2020-07-21T19:12:34.000Z,"#Professoras da #UFPR e da #Uema abordam ensino remoto e tecnologias. Em entrevista √† #UEMFM, #docentes falam da import√¢ncia dessa modalidade de ensino para o momento de #pandemia | #UEM #ensinoremoto | Leia mais: https://t.co/Ce4Ib4EJZ2 https://t.co/Rd1llujOTn",1285653917204914179,1,1,3,2,2556906901,1285653917204914179,
2020-07-20T22:11:04.000Z,"@RodZeidan Voc√™ (ou algu√©m aqui) sabe qual encaminhamento da delibera√ß√£o? Quais outras atividades est√£o mantidas / ocorrendo? Na @UFPR o ensino remoto emergencial iniciou agora, mas n√£o foram paralizadas as atividades de pesquisa e ensino. E outras tantas surgiram no contexto da pandemia.",1285336449123000321,0,1,1,0,93330115,1285308432594198528,2976772745
2020-07-16T09:00:19.000Z,"üì£ New Podcast! ""O futuro da consultoria esportiva para treinamento online"" on @Spreaker #consutoriaesportiva #corrida #inovacao #online #pandemia #planilha #treinamento #ufpr https://t.co/Xsmk6GwBJF",1283687900123717633,0,0,0,0,47026370,1283687900123717633,
2020-07-14T15:47:52.000Z,"O terceiro epis√≥dio da s√©rie ""Ser√°?"" do PPG-GEN para informar sobre a COVID-19! Ser√° que eu posso usar a m√°scara no pesco√ßo? @UFPR #blufpr #science #covid-19 #coronavirus #pandemia #divulgacaocient√≠fica #ufpr Baixe para o compartilhar no WhatsApp: https://t.co/rPrNgL3Bc4 @apgufpr https://t.co/BCZxO1PisT",1283065686584176649,7,1,5,0,1278129338634903552,1283065686584176649,
2020-07-13T19:52:43.000Z,"Al√¥, MEC! Pessoal da Universidade Federal do Paran√° transa e faz pesquisa! Tudo gente normal, ok?
@MEC_Comunicacao @UFPR @portalbemparana @pluraljorbr @BlogdoNoblat @BlogOlhoNaMira 
#pandemia #Covid_19 #pesquisa #ciencia https://t.co/hUtzW3xIi7",1282764917163032581,1,0,0,0,21299873,1282764917163032581,
2020-07-10T21:33:02.000Z,"‚ù§ Curso de Pedagogia da @UFPR cria REDE DE APOIO para estudantes e para ""m√£es estudantes"".  https://t.co/faA5RU88A3",1281702998331346944,5,0,21,0,266786809,1281702998331346944,
2020-07-09T21:48:41.000Z,@UFPR ***Apesar da pandemia. N√£o vamos nos esquecer do que j√° vinha acontecendo antes,1281344548187373568,0,0,0,0,143242691,1281277127988477953,23978439
2020-07-09T18:12:27.000Z,"Volunt√°rios podem responder question√°rio sobre comportamento na pandemia
Estudo √© realizado de forma online pela UFPR.
https://t.co/aKhqoCXp9n
#coronav√≠rus #covid-19 #pandemia #ufpr #universidadefederaldoparan√°
Leia esta e outras not√≠cias no s...
https://t.co/aKhqoCXp9n",1281290133283586050,0,0,0,0,1062433641735864320,1281290133283586050,
2020-07-09T18:12:27.000Z,"Volunt√°rios podem responder question√°rio sobre comportamento na pandemia
Estudo √© realizado de forma online pela UFPR.
https://t.co/Ic0RTyxnOm
#coronav√≠rus #covid-19 #pandemia #ufpr #universidadefederaldoparan√°
Leia esta e outras not√≠cias no s...
https://t.co/Ic0RTyxnOm",1281290131358404615,0,0,0,0,34352933,1281290131358404615,
2020-07-07T19:40:05.000Z,"@LiahAira @UFPR Foi nada mais que uma manobra pra n√£o parecer que a universidade n√£o fez nada pra ""se adequar"" √† pandemia",1280587409248399362,0,1,0,0,1119775741049212928,1280582127319425024,1021421767959678976
2020-07-07T19:19:05.000Z,"Muito legal da @UFPR demorar meses pra tomar uma decis√£o quanto ao ensino remoto na pandemia, porque estava garantindo que todos os alunos tivessem internet e equipamento, e quando fazem isso n√£o atribuem a obrigatoriedade pra nenhuma das partes (docente/dicente) na ado√ß√£o do ERE",1280582127319425024,0,4,18,0,1119775741049212928,1280582127319425024,
2020-07-02T18:55:58.000Z,"@Red_Queen_x @gui_de_assis @noe_741 @Zanottt @UFPR @Nathyguima1 vcs me conquistaram, se a gente passar dessa pandemia eu vou morar a√≠ pela facul",1278764369929699330,0,1,10,0,766786243577479168,1278375056025018369,1196943710044532736
2020-07-02T16:01:25.000Z,"A pesquisa mais abrangente j√° realizada com entregadores fui publicada agora em junho e realizada por pesquisadores da @BlogsUnicamp, do @MPT_PGT e da @UFPR. Os primeiros resultados est√£o aqui e consideram os dados durante a pandemia: https://t.co/iqD9mDG5eW. üëáüèæ",1278720443902504961,0,1,2,0,23511156,1278720432728834056,23511156
2020-07-01T12:43:00.000Z,"Pesquisa da @ufscaroficial em parceria com a @UFPR busca averiguar impactos da pandemia em crian√ßas com defici√™ncia.
Pais ou respons√°veis que queiram ser volunt√°rios podem entrar em contato j√°.
Confira:
https://t.co/ilrfDEnP4B",1278308119815348224,0,0,0,0,830052063891558400,1278308119815348224,
2020-06-24T16:40:23.000Z,"Cons. Universit√°rio da @UFPR reunido em 18/06 decidiu realizar vota√ß√£o pela internet para sucess√£o na Reitoria, por causa da pandemia COVID-19. Surgiu certa pol√™mica; ser√° a primeira vez que se faz elei√ß√£o assim, virtual. Mas maioria apoia a medida.",1275831145586982914,0,0,0,0,53161078,1275831145586982914,
2020-06-23T22:04:05.000Z,8 anos de @UFPR para ter uma pandemia na minha formatura...,1275550219766284293,0,0,3,0,1126215568841957377,1275550219766284293,
2020-06-23T01:03:25.000Z,"@E_felipe1987 @pcpr_oficial @UFPR ‚ÄúTalves‚Äù por que estamos em uma pandemia, escrit√≥rio parado desde mar√ßo, sem receber um tost√£o, aluguel atrasado, cart√£o estourado... vou ter dinheiro pra concurso mais transporte hospedagem e alimenta√ß√£o? Para de ser egoista e vai estudar. T√° preocupado com o que? Estuda po",1275232960397131777,0,0,0,0,113221649,1275139871485689856,1193293931817119745
2020-06-22T20:55:38.000Z,@Chooseyournaame @pcpr_oficial @UFPR j√° existia a pandemia e todos sabemos que essa situa√ß√£o ir√°  se prolongar por muitos dias. O governador soltou o edital com o √∫nico intuito de arrecadar dinheiro.,1275170603306278917,0,0,0,0,1193293931817119745,1275139871485689856,1139172505351053312
2020-06-22T20:15:29.000Z,@pcpr_oficial @UFPR Isso √© um absurdo. Quando lan√ßaram o edital n tinha pandemia? E como fica que gastou dinheiro antecipado com passagem e hotel ?,1275160503296446464,0,0,1,0,1193293931817119745,1275139871485689856,1095935839765442560
2020-06-20T09:26:14.000Z,"@UFPR Lendo estas medidas, vejo que a UFPR √© mais uma v√≠tima do modelo que tanto defende. Paralisada pelo Estado, leva 3 meses dentro da pandemia para publicar editais e planejar ensino emergencial. O governo atual certamente n√£o ajuda, outros ajudariam? E o ensino, ainda √© prioridade?",1274272338012524545,0,0,4,0,120301773,1273737216116826112,23978439
2020-06-19T04:18:21.000Z,"@UFPR Muito boa iniciativa, fico feliz que a universidade tenha tomado alguma atitude diante dessa pandemia!",1273832466340630528,0,0,3,0,1048986372,1273737216116826112,23978439
2020-06-19T01:21:05.000Z,Gente. Esse √∫ltimos posts da @UFPR chega a aquecer o cora√ß√£o. Amooooo ter tido a oportunidade de estudar ali. E essa pr√°tica em momentos de pandemia/crise... S√≥ aumenta essa admira√ß√£o. üíô,1273787854758588417,0,0,0,0,250646851,1273787854758588417,
2020-06-18T23:10:06.000Z,"Na pior pandemia do s√©culo a @ufpr tenta empurrar goela a baixo esse EAD! Mtos alunos est√£o preocupados cm os seus familiares, como teriam cabe√ßa para estudar? 
#UFPRcontraEAD",1273754894181244930,0,0,4,0,1242090325105152002,1273754894181244930,
2020-06-18T22:47:33.000Z,"Crit√©rio para estudar na @UFPR: computador, Internet est√°vel, local adequado para estudos em casa, sa√∫de psicol√≥gica ok em meio a uma PANDEMIA GLOBAL!

ISSO √â UMA CHACOTA

#UFPRcontraEAD",1273749219837386752,3,0,27,4,915031942436917249,1273749219837386752,
2020-06-12T20:18:28.000Z,"Alcolumbre devolve ao Planalto MP sobre escolha de reitor na pandemia
 https://t.co/VmHaxAM64O 
#Minist√©rioDaEduca√ß√£o #jairbolsonaro #alcolumbre #inconstitucional #autonomiadasuniversidades #universidadespublicas #universidadepublica #ufpr #utfpr #brasileiros #educacaobrasileira",1271537374275698688,0,0,0,0,58538112,1271537374275698688,
2020-06-12T13:29:44.000Z,Biblioteca fechada devido √† pandemia. Nos vemos em breve! #ficaemcasa #bibliorb #biblioteca #ufpr https://t.co/crZrJ1Wcit,1271434512975769602,3,0,6,0,1271421371864809474,1271434512975769602,
2020-06-11T16:32:36.000Z,@LwithP @UFPR @itsodro Vc √© de CWB?? Q √≠cone ‚ô° qdo passar essa merda de pandemia vou te convidar pra vir no meu caf√© ‚ô°,1271118142362787845,0,0,0,0,971525581455097856,1271089867989168129,2682908887
2020-06-11T00:28:30.000Z,"@atrovon @UFPR N√≥s tamb√©m estamos curiosos. √â uma a√ß√£o que visa manter alguma intimidade na rela√ß√£o universidade-escola com a comunidade acad√™mica e escolar apartadas pela Pandemia. Em princ√≠pio, queremos atender as demandas de estudantes da Educa√ß√£o B√°sica que est√£o ""em remoto"".",1270875521006669825,0,0,2,0,93330115,1270858635988492289,162045825
2020-06-10T23:21:24.000Z,Meninada da @ufpr Jandaia do Sul botando para quebrar mesmo durante a pandemia. A√ß√£o nova do projeto de extens√£o. Baita aventura para os/as futuros/as professores/as que tenho orgulho em ajudar a formar. https://t.co/PKHlKLQ4SH,1270858635988492289,5,3,18,1,93330115,1270858635988492289,
2020-06-10T05:40:44.000Z,"https://t.co/bs8ckfyQwk

‚ö†Ô∏è O Governo Federal se aproveita de uma pandemia para intervir nas universidades federais.  
Convocamos todos e todas para a resist√™ncia! QUEREMOS ESCOLHER NOSSO REITOR!

#autonomiauniversit√°riaj√° #ufpr #tiream√£odafederal @uneoficial",1270591708393332736,1,0,2,0,478939585,1270591708393332736,
2020-06-09T17:37:20.000Z,"Nesta quarta-feira (10.06), √†s 19h00, o PET direito, com apoio do NUDDAUFPR, promovem debate sobre a import√¢ncia da Universidade P√∫blica durante a pandemia. (@UFPR)

O evento ocorrer√° pela plataforma Zoom, pelo link a seguir: 
https://t.co/413AVtlnTe https://t.co/jK0U6ci3sv",1270409659346796544,6,0,31,0,2592178889,1270409659346796544,
2020-06-08T14:05:10.000Z,"‚ÄúOr√ßamento de guerra e a evolu√ß√£o da d√≠vida p√∫blica‚Äù √© o tema da live desta segunda, com o advogado Rodrigo Lu√≠s Kanayama, doutor em Direito do Estado pela @UFPR, que tratar√° especialmente do papel do MP no controle do or√ßamento p√∫blico durante a pandemia. https://t.co/NenMVTqT4s",1269993879601807361,1,0,5,0,4215239055,1269993879601807361,
2020-06-04T15:55:05.000Z,Um dos sentimentos de tristeza que carrego comigo durante essa pandemia √© que n√£o vai ter Feira do Livro da @UFPR,1268571988840284161,0,0,2,0,467006147,1268571988840284161,
2020-06-03T17:58:46.000Z,N√≥s do @cptufpr  destaque no portal da @UFPR: https://t.co/NlJTn5qFPP pela solu√ß√£o 100% gratuita para proteger a sa√∫de dos seus colaboradores durante a pandemia do coronav√≠rus pela gest√£o do registro de acesso digital. Fa√ßa j√° o seu. https://t.co/1iPPjRa1IU,1268240726774689793,1,0,0,0,17897953,1268240726774689793,
2020-05-28T14:08:35.000Z,"Sonhei com o fim da pandemia, voltando pra universidade que sinto saudades @UFPR . Foi tudo t√£o lindo, serviram Strogonoff com batata Chips",1266008473113944069,0,0,12,0,1187097086988341249,1266008473113944069,
2020-05-28T02:11:30.000Z,"Produzir conte√∫do em portugu√™s √© algo essencial pra mim. O pessoal da @UFPR vem traduzindo artigos sobre o COVID-19, achei bacana a iniciativa e acabei compartilhando aqui. 

O @Plluis fez uma mat√©ria sobre o assunto e me convidou pra participar. Saca s√≥:
https://t.co/VX2YdMrfrp",1265828011477209094,2,0,8,0,3391375907,1265828011477209094,
2020-05-26T20:33:32.000Z,"üìå #WebinarioUASB üì±üíª |  Inscr√≠bete en el 7mo. webinario ‚ÄúLa salud colectiva en tiempos de pandemia‚Äù. Este jueves participar√° Luis Allan Kunzle, docente e investigador de la @UFPR.

üìÜ Jueves 28 de mayo
‚è∞ 19h30
üì≤ Plataforma Zoom
‚úÖ Inscripciones üëâ https://t.co/gm5yCHC2Nv https://t.co/Cn4MLfWZEQ",1265380572718907393,7,0,17,0,1694146999,1265380572718907393,
2020-05-23T18:03:08.000Z,"https://t.co/BQr70ij44U

Estudo TRADUZIDO POR ESTUDANTES DA @UFPR  publicado originalmente no Imperial College London. Este estudo trata do impacto e da mortalidade da pandemia de Coronavirus em diversos pa√≠ses. E tamb√©m mostra a efic√°cia e import√¢ncia do isolamento social.",1264255556283400200,0,1,1,0,978003294403596289,1264251863643365376,978003294403596289
2020-05-21T20:27:34.000Z,"Vestibular da UFPR √© adiado por causa da pandemia https://t.co/DB1KCpBwrj

#vestibular #UFPR",1263567129200062464,0,0,0,0,1256998147387207681,1263567129200062464,
2020-05-19T09:21:41.000Z,"""Criatividade e Autonomia em Tempo de Pandemia:
Ensaio Te√≥rico a partir da Pedagogia Social"" Art. de opini√≥n de Juliana Berg @UFPR, Carla Luciane Blum Vestena @unicentropr y Cristina Costa-Lobo @iesfafe en RIEJS @UAM_Ediciones‚û°Ô∏èhttps://t.co/J20ANvQS1k https://t.co/Fmg5svSsu6",1262674779812900865,4,0,6,0,1100016607903006721,1262674779812900865,
2020-05-14T18:07:00.000Z,"Sob orienta√ß√£o t√©cnica da @UFPR e do @IFPRParanagua, comunidade cai√ßara do litoral do Paran√° cria alternativa de trabalho e renda para tempos de pandemia:
https://t.co/nWrgg2GXdz
via @pluraljorbr",1260995039565676547,4,0,4,0,830052063891558400,1260995039565676547,
2020-05-13T20:03:46.000Z,"Estudo do Instituto de Pesquisa Intelig√™ncia Esportiva da @UFPR  aponta que jogos com torcedores s√≥ devem ocorrer ap√≥s vacina contra novo #coronav√≠rus 
#crisenofutebol
#pandemia
#COVID19
‚ñ∂Ô∏è https://t.co/pejWTPa6fR
üì∑ Marcelo Camargo/Ag√™ncia Brasil https://t.co/GxtGhdqbwT",1260662039397240832,1,0,1,1,80378191,1260662039397240832,
2020-05-07T21:01:51.000Z,"A Ci√™ncia e as institui√ß√µes de pesquisa precisam de investimento para responder a essa pandemia e a outras crises! Educa√ß√£o, Democracia e Ci√™ncia!!!

#paCTopelavida 
#MarchaVirtualpelaCiencia
#UFPR",1258502326601605120,0,0,3,0,734502967479525378,1258502326601605120,
2020-05-07T11:53:20.000Z,"@seokhime @UFPR vai passar sim, √© foda essa pandemia mas vc vai conseguir eu tenho ctz",1258364288126894082,0,0,0,0,1105445914573971457,1258138617983258631,1066698121
2020-05-07T01:44:40.000Z,"Uma hora de dura√ß√£o acabou tornando o epis√≥dio um pouco cansativo, mas o tema √© muito pertinente para o momento de desinforma√ß√£o que vivemos durante a pandemia. Produto acad√™mico da Escola de Comunica√ß√£o da @UFPR
https://t.co/YEfjoB7Gu3",1258211113130504192,0,0,1,0,41648109,1258211113130504192,
2020-05-06T21:23:08.000Z,"Gente, esse √© o podcast produzido pela Ag√™ncia Escola de Comunica√ß√£o da UFPR. Nesse eu contribuo com meus colegas. ESPECIAL - Fake news em tempos de pandemia. Epis√≥dio de Fala, Cientista!
https://t.co/ae77k8krUR
Siga-nos! T√° massa. @UFPR",1258145296527360001,5,1,16,4,41491640,1258145296527360001,
2020-04-28T22:33:22.000Z,Acabei de ver Ufam e UFPR criam ferramenta para mapear casos da Covid-19 - Clique para ver tamb√©m ‚òõ  https://t.co/gO5P0kcykv  @ufam @UFPR #pandemia #manaus #amazonas,1255263869347520513,1,0,4,0,316055393,1255263869347520513,
2020-04-28T20:08:37.000Z,"Olha que bacana este material que visa orientar a popula√ß√£o sobre como utilizar, descartar e produzir m√°scaras caseiras durante a pandemia do coronav√≠rus. @UFPR @UTFPR_ @abes https://t.co/2ICgHlPorB",1255227441796329477,8,1,22,0,236508151,1255227441796329477,
2020-04-26T17:42:00.000Z,"https://t.co/jTT9npvcii A historiadora Liane Maria Bertucci, da UFPR, fala da import√¢ncia dos estudos hist√≥ricos na organiza√ß√£o do conhecimento sobre epidemias. #ci√™ncia #hist√≥ria #epidemiologia #sa√∫dep√∫blica #UFPR #coronav√≠rus #pestenegra #pandemia #hist√≥riadaci√™ncia",1254465766415532033,1,0,4,0,17465506,1254465766415532033,
2020-04-26T17:08:42.000Z,"#Pandemia #Coronavirus #Educa√ß√£o
#Parana #UFPR prorroga a suspens√£o das aulas presenciais por tempo indeterminado por causa do coronav√≠rus. Reitor disse que n√£o √© seguro e n√£o seria sensato retomar as atividades eletivas presenciais a partir de 4 de maio. https://t.co/2QRDgEhT1H",1254457385718108163,1,0,4,0,174679737,1254457385718108163,
2020-04-24T00:43:00.000Z,"https://t.co/jTT9npvcii Para a historiadora Liane Maria Bertucci, da #UFPR ,a compreens√£o que se tem de #epidemias do passado pode fornecer alertas importantes sobre como encarar o presente. #ci√™ncia #hist√≥ria #epidemiologia #sa√∫dep√∫blica  #coronav√≠rus #pestenegra #pandemia",1253484551130812421,4,0,6,1,17465506,1253484551130812421,
2020-04-21T03:36:07.000Z,Crise do capitalismo e a pandemia do #COVID19-19 via @UFPR https://t.co/3R0BHZn7Mt @analise_covid19,1252440955761774592,5,0,6,0,39990331,1252440955761774592,
2020-04-17T00:11:03.000Z,"Dia 20/04, de 11 √†s 13h, webconfer√™ncia sobre os impactos regionais da pandemia Covid-19 realizado pelo NEREUS (@usponline), e com a participa√ß√£o dos grupos de pesquisa NEMEA (@Cedeplar @faceUFMG ), NEDUR (@UFPR) e LATES (@UFJF_ ). 
Segue programa√ß√£o e link de acesso. üëá https://t.co/joQfoSSObG",1250939794919763968,4,0,14,1,3385337421,1250939794919763968,
2020-04-14T18:57:01.000Z,Centros Acad√™micos da @UFPR est√£o pressionando para que o calend√°rio acad√™mico seja suspenso por tempo indeterminado at√© que a pandemia do COVID passe. Geez...,1250135990880079872,0,1,1,0,302872544,1250135990880079872,
2020-04-14T18:09:02.000Z,"@MarcJMor @null_42 @paulogustavo @OsmarTerra @UFPR Ah mas sim, desculpa, o dado que vc se refere √© ao n√∫mero de testes. Ent√£o, exatamente, √© dif√≠cil saber, esse √© o ponto. N√£o podemos considerar os testes que est√£o sendo feitas uma amostra estat√≠stica porque nos faltam dados. Mas √© n√≠tido que a pandemia n√£o est√° no fim no Brasil.",1250123917219573760,0,0,0,0,1141000899323727878,1249801815526379522,2940692560
2020-04-04T21:43:25.000Z,"Para os alunos da Faculdade de @DireitoUFPR, ofertaremos uma aula online sobre ""Poderes e (In)constitucionalidades na conjuntura da pandemia do COVID-19"" (Professoras @Estefbarboza, Melina Fachin e eu). Dia 7 de abril, 9h. C√≥digo da turma no Teams da @UFPR: rx1ja6r. At√© l√°! https://t.co/gxqcpz4uje",1246553987865808897,4,0,32,0,29427093,1246553987865808897,
2020-04-01T18:51:14.000Z,"Em nome da @UFPR agradecemos √† BR Distribuidora a doa√ß√£o de 2 mil litros de etanol, para produ√ß√£o de √°lcool gel e outros sanitizantes, a serem utilizados no enfrentamento da pandemia de covid-19. Universidade e empresa unidas na luta pela vida. https://t.co/P3ecENqUt3",1245423494948667393,30,6,255,11,1365246536,1245423494948667393,
2020-03-31T12:12:00.000Z,"""Pergunte aos Cientistas"", plant√£o tira-d√∫vidas da @UFPR sobre a pandemia de coronav√≠rus:
https://t.co/hckUQPpFyM
Contra a ostenta√ß√£o de brutalidade, informa√ß√£o e conhecimento!
#Covid19",1244960634720092161,0,0,1,0,830052063891558400,1244960634720092161,
2020-03-23T17:22:59.000Z,"@UFPR Certamente um momento de grande desafio para a UFPR, mas haveremos de superar juntos esta pandemia.",1242139794429403136,0,0,0,0,78665355,1241883978220605446,23978439
2020-03-23T03:57:09.000Z,quando disse que queria mais uns dias de f√©rias n√£o era exatamente de uma pandemia que eu falava @UFPR,1241936998350434306,0,0,0,0,1098243727666151424,1241936998350434306,
2020-03-20T16:03:10.000Z,"Essa seria da @UFPR √© a melhor para explicar como t√° funcionando a pandemia por aqui ... vejam, se informem! Protejam quem voc√™s amam. 
https://t.co/uf2mOTioan

#covid19brasil #UFPR #CoronavirusPlantao #isolamento #CuarentenaObligatoria #faltadeTestes #COVID„Éº19  #UFPR",1241032546252722176,1,0,1,0,1173289890169184256,1241032546252722176,
2020-03-20T16:01:15.000Z,"Essa seria da UFPR √© a melhor para explicar como t√° funcionando a pandemia por aqui ... vejam, se informem! Protejam quem voc√™s amam. 
https://t.co/Pap0STdiqC

#covid19brasil #UFPR #CoronavirusPlantao #isolamento #CuarentenaObligatoria #faltadeTestes #COVID„Éº19",1241032061282127883,0,0,0,0,39990331,1241032061282127883,
2020-03-19T02:59:57.000Z,"@MuriloRevo @UFPR Mantidas as inscri√ß√µes pq s√£o virtuais e as provas no meio do ano. At√© l√°, esperamos que a pandemia j√° tenha passado. ü§û",1240473053227896832,0,1,4,0,67407444,1239692306334318593,927379156614164482
2020-03-17T01:21:57.000Z,passei por duas greves e uma pandemia na @UFPR exijo que meu diploma venha em um molde de ouro üò≠üôèüèº,1239723615253409797,0,0,14,1,53833972,1239723615253409797,
2020-03-15T16:52:10.000Z,"Por causa da pandemia do novo coronav√≠rus, UFPR e UTFPR suspendem atividades letivas acad√™micas presenciais pelo prazo de 14 dias, a partir desta segunda-feira, dia 16/03/2020. #coronavirusnobrasil #ufpr",1239232934692954112,2,0,8,0,1123263836449062917,1239232934692954112,
2020-03-15T08:54:01.000Z,@Cleo135 @alvaroborba @UFPR https://t.co/JisZleiIv5,1239112607275061248,0,0,0,0,1069014661138456577,1239042514834862083,294708888
2020-03-14T06:25:18.000Z,"@lulepires @UFPR O correto √© suspender independente disso. O cont√°gio n√£o √© uma possibilidade remota, j√° √© um fato. √â quest√£o de tempo, ainda mais com o Minist√©rio da Sa√∫de agindo da forma como age e da incapacidade do governo levar a s√©rio a pandemia.",1238712792703696897,0,1,1,0,1149800808810274819,1238618758379339788,3002510405
