id,author_id,public_metrics/retweet_count,public_metrics/reply_count,public_metrics/like_count,public_metrics/quote_count,conversation_id,created_at,text,in_reply_to_user_id
947153783435485184,58538112,0,0,1,0,947153783435485184,2017-12-30T17:13:53.000Z,#curitiba #cwb #ufpr #iap #saude #jornale #portaljornale #jornalecuritiba #brasil #javali #natureza https://t.co/WyCLQuOvQI,
947109147337687041,408704314,0,0,1,0,947109147337687041,2017-12-30T14:16:31.000Z,"J√° estou at√© come√ßando a sonhar com a lista de aprovados da ufpr que sai dia 12. Porra, pra que tanta tortura @UFPR?",
946926842728108035,415884382,6,0,11,0,946926842728108035,2017-12-30T02:12:07.000Z,al√¥ @UFPR vamo seguir o exemplo da amiguinha UFAM https://t.co/yER8vzJqJ5,
946874745219440645,18326800,1,0,3,0,946874745219440645,2017-12-29T22:45:05.000Z,Measuring the effectiveness of audience participation: a multi-method approach | @UFPR https://t.co/d9X2ru8N8w,
946495193980854273,436026836,0,0,1,0,946495193980854273,2017-12-28T21:36:53.000Z,"al√¥ @UFPR faltam 15 dias pra voc√™ soltar a famosa listinha, √© isso mesmo? n√£o  quero mais, t√¥ nervosa",
946485154608046080,801069654726811648,0,0,0,0,946485154608046080,2017-12-28T20:57:00.000Z,"Universidade Federal do Esp√≠rito Santo (@ufesonline); 23
Universidade Federal da Para√≠ba (@UFPBoficial); 23
Universidade Federal do Paran√° (@UFPR); 16",
946409377048813568,66441340,0,0,0,0,946409377048813568,2017-12-28T15:55:53.000Z,"#BlogChikJeitoso Governo diz que associa√ß√£o de delegados age de m√°-f√© 
https://t.co/itl3gvErK3 @sesppr  @UFPR @BetoRicha @PMPR1 @PMERJ @Policia_Civil @cidaborghetti_ @MPF_PRPR @TCEPR @PRFParana  @governodoparana @DelegadoJacovos  @fricha42 @MarcelloRicha @DelegadoJacovos",
945812809027289088,2730041417,0,0,0,0,945755832431579137,2017-12-27T00:25:20.000Z,"@analumarcelo @UFPR Isso a√≠, √© assim que se fala",755620681862279168
945812647483727872,755620681862279168,0,1,0,0,945755832431579137,2017-12-27T00:24:42.000Z,@cabeyotreasure adeus @ufpr vou ficar rica com a tamile vendendo caixas de papel√£o,2730041417
945467902983065600,2343675240,0,0,1,0,945466097398149121,2017-12-26T01:34:48.000Z,@danirohrig @UFPR @UFSC por favor,143233066
945109038781562881,2730075732,0,0,0,0,945109038781562881,2017-12-25T01:48:48.000Z,"A #Religi√£o Isl√¢mica ""Islam""
https://t.co/lbV6GoNAZ3

#UFAC #usp #unicamp #UEFS #CET #cefetmg #uemg #pucminas #ufba #UFRJ #ufmg #UEG #ufma #Unemat #UFRGS #UnB #UNESA #UFSC #UNESP #UFPR #PUCRIO #UFF #UNIP #UFC #UFRN #PUCSP #UNISINOS #UFJF #UFPB #UC #UP #USP #UNICAMP #UFRGS #UAN https://t.co/nxJvdVDWzA",
945106945089966081,81234308,0,0,1,0,945039308347539456,2017-12-25T01:40:29.000Z,@AlexandreMarini @NathanHellmann @vicrepaldii @PaponPavon @UFPR @RenatoDalledone ESSA FOTO ME REPRESENTA DEMAISSSSS mauro rainha o resto nadinha,69667015
945106680089628673,81234308,2,0,1,0,945039308347539456,2017-12-25T01:39:26.000Z,@vicrepaldii @NathanHellmann @AlexandreMarini @PaponPavon @UFPR @RenatoDalledone Na coluna geriatria Jos√© Ota afirma estar #exausto de retirar o dinheiro dos leitos dos filhos para comprar diferentes ternos para as formaturas de Engenharia Civil por sempre ganhar o t√≠tulo de professor homenageado,81234308
945106655531995136,237519230,0,0,2,0,945039308347539456,2017-12-25T01:39:20.000Z,@AlexandreMarini @themissoshiro @vicrepaldii @PaponPavon @UFPR @RenatoDalledone HAHAHAHAHHAHA PQP MARINI TA DEMAIS HOJE! VOANDO BAIXO HAHAHAHHAHA,69667015
945106397330575363,237519230,0,0,1,0,945039308347539456,2017-12-25T01:38:19.000Z,@vicrepaldii @themissoshiro @AlexandreMarini @PaponPavon @UFPR @RenatoDalledone Famosa #Fakenews,59881328
945106140534329345,69667015,2,2,4,0,945039308347539456,2017-12-25T01:37:17.000Z,"@NathanHellmann @themissoshiro @vicrepaldii @PaponPavon @UFPR @RenatoDalledone Enquanto isso, Mauro Lacerda aguarda ansiosamente pelo Carnaval 2018 https://t.co/0rlHOyYhTp",237519230
945105864993771520,237519230,0,1,0,0,945039308347539456,2017-12-25T01:36:12.000Z,@themissoshiro @vicrepaldii @AlexandreMarini @PaponPavon @UFPR @RenatoDalledone Mas n√£o temos a Laila sendo o azar√£o?,81234308
945105538681106432,81234308,1,2,1,0,945039308347539456,2017-12-25T01:34:54.000Z,"@vicrepaldii @NathanHellmann @AlexandreMarini @PaponPavon @UFPR @RenatoDalledone Na coluna maternidade Roberta contesta segunda gravidez de M√°rcia e afirma: o quarto herdeiro da geotecnia da UFPR ser√° fabricado ainda em 2017. Nayara corre, na lanterna, atr√°s da primeira posi√ß√£o.",59881328
945105345697009666,59881328,0,0,0,0,945039308347539456,2017-12-25T01:34:08.000Z,@themissoshiro @NathanHellmann @AlexandreMarini @PaponPavon @UFPR @RenatoDalledone @brumkw,81234308
945104789632929792,59881328,0,2,2,0,945039308347539456,2017-12-25T01:31:55.000Z,@themissoshiro @NathanHellmann @AlexandreMarini @PaponPavon @UFPR @RenatoDalledone Os jornais de hoje em dia ja nao sao mais os mesmos... noticias sensacionalistas deixam o publico alvo confuso e com informacoes equivocadas,81234308
945102978477887488,81234308,1,2,2,0,945039308347539456,2017-12-25T01:24:43.000Z,"@vicrepaldii @NathanHellmann @AlexandreMarini @PaponPavon @UFPR @RenatoDalledone EXTRA: fontes inconformadas com a vit√≥ria de Miriam, recorrem ao X9 do governo (Portal da Transpar√™ncia) e afirmam com alegria: Mauro Lacerda ainda √© o rei do Setor de Tecnologia da Universidade Federal do Paran√° por suados 1453,30 reais https://t.co/GyO1ItakAJ",59881328
945101470780686336,59881328,0,0,2,0,945039308347539456,2017-12-25T01:18:44.000Z,"@themissoshiro @AlexandreMarini @NathanHellmann @PaponPavon @UFPR Na coluna sentimentos: √öltima aula de Parchen em CC4 √© marcada por aula te√≥rica, com conte√∫dos que dizem respeito √† disciplina, e nenhuma dramatiza√ß√£o e/ou sensacionalismo do professor. Alunos, que haviam trazido v√°rios len√ßos para enxugar as l√°grimas na aula ficaram revoltados.",81234308
945101009684258816,173274842,0,0,2,0,945039308347539456,2017-12-25T01:16:54.000Z,@themissoshiro @vicrepaldii @AlexandreMarini @NathanHellmann @UFPR Naaaooo,81234308
945100065298935809,81234308,0,2,2,0,945039308347539456,2017-12-25T01:13:09.000Z,"@vicrepaldii @AlexandreMarini @NathanHellmann @PaponPavon @UFPR Na coluna desastres ambientais temos a triste hist√≥ria do professor Rui Medeiros que h√° 5 anos afirmava sua aposentadoria e ap√≥s celebra√ß√£o de ultima aula e festa no departamento de constru√ß√£o civil, foi informado de um erro no INSS que lhe resultou mais 6 anos de licenciatura",59881328
945099125023965184,59881328,1,1,2,0,945039308347539456,2017-12-25T01:09:25.000Z,"@AlexandreMarini @themissoshiro @NathanHellmann @PaponPavon @UFPR E mais: Leozinho Maromba confirma abandono da doc√™ncia em 2018 na UFPR. O jovem triatleta disse que vai voltar a fazer o que sempre gostou: contar piadas sem gra√ßa em Recife, cidade onde teve grande sucesso na Constru√ß√£o Civil (sqn)",69667015
945098826947407872,81234308,0,0,0,0,945039308347539456,2017-12-25T01:08:14.000Z,@AlexandreMarini @vicrepaldii @NathanHellmann @PaponPavon @UFPR dispon√≠vel nas l√≠nguas portugu√™s e franc√™s,69667015
945098795800461312,237519230,0,0,0,0,945039308347539456,2017-12-25T01:08:06.000Z,@AlexandreMarini @vicrepaldii @themissoshiro @PaponPavon @UFPR Am√©m!,69667015
945098734773391360,69667015,0,0,4,1,945039308347539456,2017-12-25T01:07:52.000Z,"@vicrepaldii @NathanHellmann @themissoshiro @PaponPavon @UFPR @RenatoDalledone Bomba: Jos√© Marques abandonou o ‚Äúdalhe‚Äù, este √© seu √∫ltimo registro no mesmo. https://t.co/6gHwrNadLf",59881328
945098701755813893,81234308,0,0,1,0,945039308347539456,2017-12-25T01:07:44.000Z,@vicrepaldii @NathanHellmann @AlexandreMarini @PaponPavon @UFPR @RenatoDalledone n√£o creio que ela ganha do mauro lacerdaaaaa! eu t√¥ morta,59881328
945098411765829632,59881328,1,3,1,0,945039308347539456,2017-12-25T01:06:35.000Z,"@NathanHellmann @themissoshiro @AlexandreMarini @PaponPavon @UFPR Ap√≥s uma √°rdua disputa com Mauro Lacerda, a jovem de 78 anos comemorou o resultado. Abre aspas: ""Eu nunca imaginei que teria um sal√°rio 10x maior que o @RenatoDalledone pai , ent√£o √© algo para se celebrar""",237519230
945098309752025088,69667015,1,3,3,1,945039308347539456,2017-12-25T01:06:10.000Z,"@vicrepaldii @themissoshiro @NathanHellmann @PaponPavon @UFPR Em 2018 Miriam passar√° a lecionar receitas de sua irm√£, Palmirinha, abandonado Ciclos Hodrol√≥gicos e afins.",59881328
945098048048377857,237519230,0,1,0,0,945039308347539456,2017-12-25T01:05:08.000Z,@vicrepaldii @themissoshiro @AlexandreMarini @PaponPavon @UFPR Disserte mais sobre...,59881328
945097710910222338,59881328,1,2,2,0,945039308347539456,2017-12-25T01:03:48.000Z,@themissoshiro @NathanHellmann @AlexandreMarini @PaponPavon Saiu ontem na Gazeta: Miriam vence o sal√°rio do ano em 2017 na @UFPR.,81234308
944971069923917825,436026836,0,0,2,0,944971069923917825,2017-12-24T16:40:34.000Z,"Nesse Natal eu gostaria de receber a lista da @UFPR de presente, n√£o aguento mais esperar, t√¥ morrendo lentamente
Deox minhajudi",
944744366010195968,1222153716,0,0,4,0,944703102946603009,2017-12-24T01:39:44.000Z,@vinizss @UFPR aprova ele,930479767740190720
944390751944835072,233973476,0,0,1,0,944353107944800256,2017-12-23T02:14:35.000Z,@simple_bree @UFPR Ela √© t√£o linda ela üôÉüíïüíï,436026836
944375562839175168,549406070,0,0,1,0,944375562839175168,2017-12-23T01:14:14.000Z,"Ser√° que estou ansiosa para esse resultado? @UFPR podia colaborar e antecipar, nunca te pedi nada üòÇ",
944356544019357696,4518021041,0,0,1,0,944353107944800256,2017-12-22T23:58:40.000Z,@simple_bree @UFPR üòÇüòÇüòÇ,4518021041
944356184559161344,436026836,0,0,1,0,944353107944800256,2017-12-22T23:57:14.000Z,@novak_mayara @UFPR E nessa voc√™ üòÇ . Tinha que ser as Novaks https://t.co/7rmVHywLVq,4518021041
944355424672927744,4518021041,0,2,1,0,944353107944800256,2017-12-22T23:54:13.000Z,"@simple_bree @UFPR Minha irm√£ saiu na foto 
üòÇüòÇüòÇüòÇ",436026836
944321780000395264,2173961222,0,0,0,0,944321780000395264,2017-12-22T21:40:31.000Z,Papai noel meu pedido esse ano √© simples : Aprova√ß√£o na @UFPR,
944320551417470976,446206574,0,0,2,0,944320551417470976,2017-12-22T21:35:38.000Z,"Ansiosissima pra nesse natal perguntarem ""e a faculdade?"" E eu responder ""to esperando o banho de lama""

@UFPR",
944316718050172928,41524854,0,0,0,0,944316718050172928,2017-12-22T21:20:24.000Z,"Comemorando 21 anos de formados, e uns 27 de amizade. #UFPR #ENGCIVIL (@ BarBaran in Curitiba, PR) https://t.co/Kj60Q78AFE https://t.co/WJsCPpZj7F",
944231304283000837,801069654726811648,0,0,0,0,944231304283000837,2017-12-22T15:41:00.000Z,"Universidade Federal de Alfenas (Unifal); 5
Universidade Federal do Paran√° (@UFPR); 4",
944227574229753856,148128521,0,0,1,0,943085320999985153,2017-12-22T15:26:11.000Z,@UFPR Espero o ano que vem fazer parte dessa hist√≥ria üôèüèº,23978439
944212490006736896,2813512350,0,0,0,0,944212490006736896,2017-12-22T14:26:14.000Z,Ramazzini Engenharia j√° saiu! https://t.co/ngUZ02h6jQ Gra√ßas a @JhuRamos @Ibmec_oficial @UFPR #engenharia #energia,
944073299964948480,140537107,0,0,0,0,944047963734765569,2017-12-22T05:13:09.000Z,"@oaltoacre Bem que eu tentei tratar desse assunto, mas a @UFAC_oficial e a @UFPR n√£o deixaram no dinter...",78807310
944047148378804224,287983044,0,0,1,0,944047148378804224,2017-12-22T03:29:14.000Z,#SofrimentoNerd #T√∫nelDoTempo #UFPR #EngenhariaCivil #PequenaFam√≠lia Amor sem limites. üòçüíô #2000‚Ä¶ https://t.co/g69Hc2sDYV,
943934490493190145,53833972,0,0,1,0,943934490493190145,2017-12-21T20:01:34.000Z,estou t√£o feliz que depois de 5 anos a faculdade arrumou meu nome! Te amo #UFPR &lt;3,
943934107591028736,3288807665,0,0,0,0,943934107591028736,2017-12-21T20:00:03.000Z,"#UFPR
Projeto do MAE premiado e a ser realizado em 2018 contemplar√° hist√≥rias do interior paranaense contadas... https://t.co/XQaBhoqrZn",
943902222768902144,59635882,0,0,0,0,943902222768902144,2017-12-21T17:53:21.000Z,"N√∫cleo de Gest√£o 
#cobfraterniza√ß√£o #UFPR #fim https://t.co/U2K6bkhL74",
943822919494496258,58045455,0,0,0,0,943822919494496258,2017-12-21T12:38:14.000Z,habemus diploma \o/ #trustmeiamanengineer #ufpr #curitiba #parana em Centro‚Ä¶ https://t.co/sZaMpCUJpZ,
943689397928714240,921553334,0,0,2,0,943549572294565888,2017-12-21T03:47:40.000Z,"@iekbru @UFPR Eles j√° curtiam o meu tbm, t√¥ me sentindo √≠ntima! @UFPR libera as nossas vagas",830582099040206848
943658219892805633,93079590,0,0,0,0,943583978291908608,2017-12-21T01:43:46.000Z,"@esmaelmorais @ricardo_marcelo @UFPR @ufrgsnoticias @ufmg @UFSC @requiaopmdb @PTnaCamara @ptbrasil @CUT_Brasil Demoniza√ß√£o? Ent√£o √© s√≥ chamar um exorcista. Ou um pastor, pai de santo... Sei l√°.",19657485
943654852567228416,151646342,0,0,2,1,943654852567228416,2017-12-21T01:30:23.000Z,"@UFPR vai malandra, adianta esse resultado",23978439
943638036054757381,915274483971305475,0,0,1,0,943638036054757381,2017-12-21T00:23:34.000Z,"Conhe√ßa o livro ‚ÄúLinguagem e Discurso‚Äù, da Editora UFPR. https://t.co/ea7MYsON69
Ser√£o sorteadas tr√™s unidades da obra entre os associados da ABRALIN com anuidade em dia! Os resultados ser√£o divulgados no final do m√™s.

#editoraufpr #ufpr https://t.co/bvoEx8WW6Z",
943598069601439745,594809564,0,0,0,0,943583978291908608,2017-12-20T21:44:45.000Z,@esmaelmorais @ricardo_marcelo @UFPR @ufrgsnoticias @ufmg @UFSC @requiaopmdb @PTnaCamara @ptbrasil @CUT_Brasil Avec Dr. Claudio Ribeiro.,19657485
943466683028602880,29427093,0,0,9,0,943466683028602880,2017-12-20T13:02:40.000Z,"Parab√©ns, @UFPR, pelos seus 105 anos! Muito orgulho por integrar seu corpo docente. https://t.co/UUUTiUHjw4",
943450441807028224,2443143168,0,0,0,0,943450441807028224,2017-12-20T11:58:08.000Z,"I'm at @UFPR - Universidade Federal do Paran√° in Curitiba, PR https://t.co/QOSaCzwhHY",
943442103341862912,801069654726811648,0,0,1,0,943442103341862912,2017-12-20T11:25:00.000Z,"Universidade Federal de Alfenas (Unifal); 2
Universidade Federal do Paran√° (@UFPR); 2",
943432482095075328,71304458,0,0,0,0,943432482095075328,2017-12-20T10:46:46.000Z,"Reuni√£ozinha (at @UFPR - Universidade Federal do Paran√° in Curitiba, PR) https://t.co/rahFtaMJeo",
943312233853014016,549406070,0,0,2,0,943312233853014016,2017-12-20T02:48:57.000Z,@UFPR poderia antecipar o resultado do vestibular n√©? Nunca te pedi nada ‚ù§üòÇ,23978439
943310212643086337,3303840892,0,0,2,0,943280353288114177,2017-12-20T02:40:55.000Z,@pqpAram @UFPR ParadeseranimalvocesabequepassouUI,769621903103369217
943298741112582147,3316398693,0,0,2,0,943280353288114177,2017-12-20T01:55:20.000Z,@pqpAram @UFPR Pra q se vc sabe q passo,769621903103369217
943286588469112833,266786809,0,0,3,0,943286588469112833,2017-12-20T01:07:02.000Z,"Boa prosa com o Reitor da @UFPR, Prof. Ricardo Marcelo, sobre o Curso EAD de Pedagogia. O curso √© resultado de uma bonita parceria em 2015/2016 entre a UFPR e Prefeitura -garantindo gradua√ß√£o para as Professoras de Educa√ß√£o Infantil da Rede Municipal de Ensino de Curitiba. https://t.co/JhpaYfonyl",
943280353288114177,769621903103369217,0,3,8,0,943280353288114177,2017-12-20T00:42:16.000Z,Ang√∫stia e ansiedade simbolizam o meu estado psicol√≥gico antes do resultado da @UFPR,
943276420859613184,704235271,0,0,1,0,943276420859613184,2017-12-20T00:26:38.000Z,"Al√©m de ser anivers√°rio do @ParanaClube, √© anivers√°rio da @UFPR ... as maiores institui√ß√µes do estado",
943263813222232064,3837974356,0,0,1,0,943263813222232064,2017-12-19T23:36:32.000Z,"O sin√¥nimo de raiva da minha vida est√° de anivers√°rio hj‚ù§Ô∏è. Mesmo com tudo eu me orgulho de ser @UFPR, parab√©ns para o melhor Crush que j√° conquistei na vida! ‚ù§Ô∏è‚ù§Ô∏è",
943229928522375169,161416346,0,0,0,0,943229928522375169,2017-12-19T21:21:53.000Z,Registro minha alegria e orgulho de ser @UFPR. Parab√©ns pelo anivers√°rio.,
943211652337553408,229993078,0,0,1,0,943207804365570048,2017-12-19T20:09:16.000Z,@nvnaty_ @UFPR kkkkkkkkkkkkkkkkkkkkkkkk nao custa nada,4186681096
943209026527035397,4186681096,0,1,0,0,943207804365570048,2017-12-19T19:58:50.000Z,@porracorrea @UFPR KKKKKKKKK eu sonho alto,229993078
943208872776478720,229993078,0,1,1,0,943207804365570048,2017-12-19T19:58:13.000Z,@nvnaty_ @UFPR nao quer quase nada a menina,4186681096
943207804365570048,4186681096,0,2,6,0,943207804365570048,2017-12-19T19:53:59.000Z,"A @UFPR podia fazer aquelas promo√ß√µes top de anivers√°rio ""o anivers√°rio √© meu mas quem ganha √© voc√™"" e me dar meu presente dia 12 
Seria meu sonho de princesa",
943202241879658501,364566256,0,0,1,0,943194805978501121,2017-12-19T19:31:52.000Z,@RochaPedrinha @UFPR üíïüíïüíï,437616614
943202119699574784,437616614,1,1,0,0,943194805978501121,2017-12-19T19:31:23.000Z,"@douradorachel @UFPR Ai, se nn tiver como ir de riocard a gente da um jeito üíôüíô obg meu amor!!! Sua presen√ßa cmg no PR vai ser mais que bem vindaüíôüíôüíôüíôüíô",364566256
943201984529797122,79552821,0,0,1,0,943201984529797122,2017-12-19T19:30:51.000Z,"Parab√©ns sua linda, deixa eu estuda tem ti ano que vem, bj, te amo @UFPR",
943201782599180291,364566256,1,1,0,0,943194805978501121,2017-12-19T19:30:03.000Z,"@RochaPedrinha @UFPR Ai, tem como ir pro Paran√° com cart√£o de escola ? Se o que voc√™ quer √© estudar l√° eu dou m√≥ for√ßa, j√° fique avisada que j√° vou me hospedar na sua casa nas f√©rias",437616614
943201106787749889,437616614,0,1,0,0,943194805978501121,2017-12-19T19:27:22.000Z,"@douradorachel @UFPR Precisa sim!!! Minha meta √© essa! No Rio tem mas nao √© o que eu realmente quero, se eu conseguir ir p Paran√° vou estar realizada",364566256
943200761382612993,364566256,0,1,0,0,943194805978501121,2017-12-19T19:25:59.000Z,@RochaPedrinha @UFPR Mas precisa ser t√£o longe ? Tem facul de pedagogia aq no Rio de Janeiro mesmo n√£o ?,437616614
943200556469846022,67404530,0,0,1,0,943200556469846022,2017-12-19T19:25:11.000Z,"Coincid√™ncia eu e a @UFPR comemoramos anivers√°rio em dezembro? Acho que n√£o 
‚ô•Ô∏è vem 12/01",
943200495216324609,437616614,0,1,1,0,943194805978501121,2017-12-19T19:24:56.000Z,@douradorachel @UFPR Minha linda faculdade de pedagogia se Deus quiser,364566256
943200378312675329,364566256,0,1,0,0,943194805978501121,2017-12-19T19:24:28.000Z,"@RochaPedrinha @UFPR Mana do c√©u, vai fazer o que no Paran√° ?",437616614
943196779717320704,761022410,3,0,3,0,943196779717320704,2017-12-19T19:10:10.000Z,Parab√©ns pro meu moz√£o @UFPR! #105Anos #OrgulhoDeSerUFPR,
943194805978501121,437616614,0,1,1,0,943194805978501121,2017-12-19T19:02:20.000Z,A futura faculdade de voc√™s faz anivers√°rio? Pq a minha faz üíô @UFPR,
943192852884008960,51236306,0,0,1,0,943192852884008960,2017-12-19T18:54:34.000Z,"T√° de parab√©ns, @ufpr! üòö https://t.co/0zq9uoxKQp",
943192830360637441,1154642438,0,0,1,0,943192830360637441,2017-12-19T18:54:29.000Z,"@UFPR  vamos comemorar juntinhas ano que vem o 106 anos da universidade se tu me aceitar dia 12 de janeiro. Parab√©ns universidade mais linda do pa√≠s todinho, feliz 105 anos ‚ù§Ô∏è",23978439
943192170965733376,65377590,0,0,1,0,943192170965733376,2017-12-19T18:51:51.000Z,Anivers√°rio da mais linda do Brasil @UFPR ‚ô•Ô∏è,
943187546170851328,35263884,0,0,1,0,943187546170851328,2017-12-19T18:33:29.000Z,Hoje orgulhoso por comemorar mais um ano da minha @UFPR https://t.co/cbJ90wbBv4,
943176297970315265,2920154482,0,0,1,0,943176297970315265,2017-12-19T17:48:47.000Z,@UFPR mts anos de vida uhuu,23978439
943176241284304896,165537277,0,0,1,0,943176241284304896,2017-12-19T17:48:33.000Z,"hoje √© anivers√°rio da facul mais linda do mundo e que oferta o melhor curso do mundo (aka engenharia ambiental e sanit√°ria)
pode entrar @UFPR",
943167945785651200,92252439,2,0,3,0,943167945785651200,2017-12-19T17:15:36.000Z,"105 anos da @UFPR hoje, aquela rela√ß√£o de amor e √≥dio pela minha universidade‚ù§Ô∏èüòÖ",
943124025143939072,79590595,0,0,1,0,943124025143939072,2017-12-19T14:21:04.000Z,"Parab√©ns minha universidade, meu orgulho! #UFPR https://t.co/cV7kdLekti",
943110390891925504,109641440,0,0,1,0,943110390891925504,2017-12-19T13:26:53.000Z,"Retweeted UFPR (@UFPR):

√â hoje!! 105 anos de hist√≥ria e muito orgulho! PARAB√âNS, UFPR üéâüéàüéàüéâ https://t.co/es4JRV8kuF https://t.co/lURkyjL6cy",
943109750547472384,266844863,0,0,1,0,943109750547472384,2017-12-19T13:24:21.000Z,oie @UFPR eu tenho 18 anos e tomo ao menos tr√™s rem√©dios ao dia por conta da press√£o de vcs. Parab√©ns aos 105 anos,
943105504037007360,266844863,0,0,0,0,943105504037007360,2017-12-19T13:07:28.000Z,parab√©ns pra @UFPR 105 anos deixando seus alunos com depress√£o,
943096577673089024,801069654726811648,0,0,0,0,943096577673089024,2017-12-19T12:32:00.000Z,"Universidade Federal do Paran√° (@UFPR); 3
Universidade Federal do Rio Grande do Sul (@ufrgsnoticias); 3
Universidade Federal de Santa Maria (@UFSM_oficial); 2",
943095677525086208,4659989661,0,0,0,0,943085320999985153,2017-12-19T12:28:26.000Z,@UFPR me passa no vestibular que eu compro at√© bolinho p cantar parab√©ns anjo,23978439
943094615963521025,159280785,0,0,7,1,943094615963521025,2017-12-19T12:24:12.000Z,"Nesse ano decidi ter + controle sobre minha vida, minha profiss√£o e voca√ß√£o, me tornei #freela #advogada. Com a vida flex√≠vel consegui cursar o meu #MBA na #UFPR, participar dos eventos de fam√≠lia, ver meus amigos, ter mais sa√∫de, enfim, viver! ü§©¬†#EmMeu2017Freela @WorkanaBr https://t.co/bPI52nmpSk",
942935399151865857,67445939,0,0,0,0,942935399151865857,2017-12-19T01:51:32.000Z,Quando voc√™ entra no site do Provar e v√™ que o curso que voc√™ se inscreveu teve 51 inscri√ß√µes homologadas e 9 vagas dispon√≠veis. #Aeaperadeummilagre. @UFPR,
942880628168691712,59635882,0,0,0,0,942880628168691712,2017-12-18T22:13:54.000Z,"Confraterniza√ß√£o dos Professores 
#UFPR #Laberg #2018 https://t.co/OoWV3xXzYQ",
942844308775981057,276617136,0,0,0,0,942844308775981057,2017-12-18T19:49:35.000Z,"tenho tipo certeza que passei na @UFPR mas vou me ferrar por causa do Encceja.........
@UFPR help me",
942807292394790915,2981721611,0,0,0,0,942807292394790915,2017-12-18T17:22:29.000Z,Important√≠ssimo!#UFPR https://t.co/sAnAUswE7a,
942711685835644928,1004686500,0,0,0,0,942711685835644928,2017-12-18T11:02:35.000Z,adivinha quem n√£o consegue entrar no portal novo da @UFPR,
942598810236309504,3837974356,0,0,0,0,942598810236309504,2017-12-18T03:34:03.000Z,"Estou torcendo tanto para os meus amigos terem passado na @UFPR. Quero que eles passem raiva cmg, √© ruim demais sozinha!",
942529244185448448,436026836,0,0,5,0,942529244185448448,2017-12-17T22:57:37.000Z,"Deus, n√£o vou dizer que nunca te pedi nada, mas pfvr, coloca meu nome na listinha de aprovados da @UFPR , obrigada",
942463191321333760,44676404,0,0,1,0,942463191321333760,2017-12-17T18:35:09.000Z,"A leishman√≠ase visceral √© uma doen√ßa negligenciada. A Dra. Vanete Thomaz-Soccol, do PPGEBB, @UFPR, desenvolve um projeto de pesquisa internacional para elucidar a distribui√ß√£o da doen√ßa, que representa risco √† sa√∫de humana e animal. Artigo na √≠ntegra:
https://t.co/2eO0nktLhy",
942007632759418881,2981721611,0,0,0,0,942007632759418881,2017-12-16T12:24:55.000Z,#UFPR https://t.co/FmGqU7na9x,
941987487710408710,901947187,1,0,1,0,941677563277201408,2017-12-16T11:04:53.000Z,@ATT3NCT1ON @UFPR VOU SIMMMMM,2856272157
941987420773535744,901947187,1,0,1,0,941677563277201408,2017-12-16T11:04:37.000Z,"@ATT3NCT1ON @UFPR EU VOU TENTAR TER, PROMETO",2856272157
941987316280774656,901947187,1,0,1,0,941677563277201408,2017-12-16T11:04:12.000Z,"@ATT3NCT1ON @UFPR AAAAAA OBRIGADA MEU AMOR (tu tamb√©m √© inteligente, cala a boca)",2856272157
941900293477945344,1862141324,0,0,0,0,941631634255867909,2017-12-16T05:18:24.000Z,@vitoriafh @UFPR Kkkkkkkkkkkk ano passado foi igual,987519360
941897320752443392,58029820,0,0,0,0,941895648269557760,2017-12-16T05:06:35.000Z,"Mas mesmo com provas de que fui eles insistem em dizer que n√£o fui cara isso n√£o existe, to com raiva, tem gente que nunca vai e recebe ZERO faltas üòí @UFPR",58029820
941896174906339334,58029820,0,0,0,0,941895648269557760,2017-12-16T05:02:02.000Z,"Eu n√£o gasto 8,50 por dia pra ter historico manchado com faltas que n√£o existiram @UFPR por birra de professor alegando que n√£o fui na aula sendo que fui, at√© gravei as aulas, gravo v√≠deo quando √© aula pratica e tiro fotos",58029820
941882579074142208,2856272157,0,1,1,0,941677563277201408,2017-12-16T04:08:00.000Z,@Kaaw_Alone @UFPR N√ÉO VAI VISITAR NINGUEEEEM,901947187
941882549378387968,2856272157,0,1,1,0,941677563277201408,2017-12-16T04:07:53.000Z,@Kaaw_Alone @UFPR AGORAAA QUE A KAAW N√ÉO VAI TER MAIS TEMPOOOOOO EBAAAA,901947187
941882461608398848,2856272157,1,1,1,0,941677563277201408,2017-12-16T04:07:32.000Z,"@Kaaw_Alone @UFPR PARAB√âNS MEU AMORRRRRR, A INTELIGENTE DA FAMILIAAAA",901947187
941841268627226624,347830889,0,0,2,0,941841268627226624,2017-12-16T01:23:51.000Z,"@UFPR colabora com minha sanidade mental e libera logo essa lista, por favor",23978439
941836520314388480,750744636847718401,0,0,0,0,941824602098905088,2017-12-16T01:04:59.000Z,@ilhapad_ @UFPR passou??,373101162
941806849128632325,1862141324,0,0,2,0,941631634255867909,2017-12-15T23:07:05.000Z,@vitoriafh @UFPR To com medo,987519360
941790182533140480,53509834,0,0,1,0,941726843509596160,2017-12-15T22:00:51.000Z,@bassam_ht @UFPR Ja saiu o resultado???,741507796089327616
941780968242900992,273036282,0,0,1,0,941780968242900992,2017-12-15T21:24:14.000Z,Vida Universit√°ria j√° saiu! https://t.co/TAVTPQkia8 Gra√ßas a @BVFAPESP @CanalKip @UFPR #tamojunto #ufes https://t.co/ajPeToMEVX,
941780919727345665,31197706,0,0,0,0,941780919727345665,2017-12-15T21:24:03.000Z,Vida Universit√°ria j√° saiu! https://t.co/hqO3zUhx8p Gra√ßas a @BVFAPESP @CanalKip @UFPR #tamojunto #ufes,
941774309286170625,212742565,0,1,7,1,941039568614240256,2017-12-15T20:57:47.000Z,"@fellipeherman @UFPR @Ecervi Fechando a semana de defesas de mestrado do PONTE! Hoje foi a vez de @esterathanasio, que apresentou o trabalho ‚ÄúA CORRUP√á√ÉO POL√çTICA NA OPINI√ÉO DA EMPRESA JORNAL√çSTICA: UM ESTUDO DOS EDITORIAIS DA FOLHA DE S. PAULO DE 1990 A 2016‚Äù. Parab√©ns pela aprova√ß√£o! ü§ìüëè https://t.co/XUSu3NwyMf",212742565
941747301512634369,151646342,0,0,1,1,941747301512634369,2017-12-15T19:10:28.000Z,@UFPR EU TE VENEROOOOOOO,23978439
941733068586475520,810653231932129280,0,0,0,0,941708290429476864,2017-12-15T18:13:54.000Z,@henriquebetim @UFPR qualquer quest√£o ali foi de mal amado kkkkkkk,180845226
941724477469200384,2899990024,0,1,4,0,941724477469200384,2017-12-15T17:39:46.000Z,"15.12.17 - Qualificado ‚úîÔ∏è
...
..
.
üßúüèª‚Äç‚ôÇÔ∏è
#mestrado #Medicina #UFPR #yellowvibes em Museu Oscar‚Ä¶ https://t.co/SkYv6WFde7",
941708290429476864,810653231932129280,1,1,2,0,941708290429476864,2017-12-15T16:35:27.000Z,"quer saber
palmas pra vc
vc merece o titulo de pior corre√ß√£o do mundo @UFPR",
941677563277201408,901947187,1,3,1,0,941677563277201408,2017-12-15T14:33:21.000Z,ADIVINHA QUEM √â A MAIS NOVA CALOURA DA @UFPR 2018?,
941671086198018049,20073834,0,0,1,0,941671086198018049,2017-12-15T14:07:37.000Z,Defesa da tese com o tema ‚ÄúFiscaliza√ß√£o da neutralidade da rede e seu impacto na evolu√ß√£o da internet‚Äù. Um dos resultados da tese √© a cria√ß√£o do Observat√≥rio da Neutralidade da Rede. https://t.co/6hgdoFxvNj                  #neutralidadedarede #internet #regula√ß√£o #ufpr #C3SL,
941654562775158786,919978772081840132,0,0,0,0,941654562775158786,2017-12-15T13:01:57.000Z,"18/12 | Defesa de disserta√ß√£o: Golpes, Parentesco e Tiroc√≠nio Policial: Uma etnografia da Delegacia de Estelionato (PR) #UFPR #antropologia https://t.co/dmoX6l2aCC",
941636774471888897,257645810,0,0,0,0,941636774471888897,2017-12-15T11:51:16.000Z,"@ufpr sua linda, n√£o vou conseguir esperar o resultado final oficial at√© 12 de janeiro, aaaah. Libera antes pra noix, plis, af",23978439
941631634255867909,1862141324,0,0,1,0,941631634255867909,2017-12-15T11:30:50.000Z,"N√£o vou aguentar at√© dia 12 esperando o resultado n√£o, libera logo a√≠ @UFPR",
941528665250254848,912392749701320709,0,0,0,0,941528665250254848,2017-12-15T04:41:41.000Z,Izi malia @UFPR,
941521387495284736,777026493327216640,0,0,0,0,941521387495284736,2017-12-15T04:12:46.000Z,"Ok no resumo eu arrebentei a boca do bal√£o, mas vou precisar apelar pra recurso nos textos 1 e 2. To no limbo. #ufpr ainda infarto at√© o resultado final.",
941520966852759552,3377941979,0,0,0,0,941516563663990785,2017-12-15T04:11:05.000Z,@kauveloso_ @UFPR direito noturno,581124390
941519281791127552,3377941979,0,0,0,0,941519281791127552,2017-12-15T04:04:24.000Z,@UFPR vc me aguarde q eu vou entrar com uma caralhada de recurso nesse neg√≥cio achei um absurdo minha nota de hist√≥ria j√° vou treinando os processinhos,23978439
941516563663990785,3377941979,1,0,0,0,941516563663990785,2017-12-15T03:53:35.000Z,"acabei de ver minha nota da @UFPR  e se for a nota de corte do ano passado eu passo, mas de for a do ano retrasado n√£o passo t√¥ bem nervouser https://t.co/tYhvTYk6w3",
941512452319121408,3377941979,0,0,0,0,941512452319121408,2017-12-15T03:37:15.000Z,"15/12 nem come√ßou mas j√° t√¥ amando 

- trailer de @RuPaulsDragRace AS3 
- @camphalfblood se pronunciando sobre pjo na disney 
- @UFPR de gracinha q vai postar as notas hj
- minha formatura do ensino m√©dio 

am√©m hj pode continuar assim q t√° otimo",
941510903308128256,715047352843825152,0,0,1,0,941510903308128256,2017-12-15T03:31:06.000Z,E eu achando que nao era iludido #ufpr,
941505860974661635,3377941979,1,0,2,0,941505860974661635,2017-12-15T03:11:04.000Z,vai se fuder @UFPR q postou o link das notas no site mas n√£o d√° pra ver ainda aff j√° tava aqui com o cu na m√£o indo ver,
941502090798620672,309386960,1,0,5,0,941501347194695681,2017-12-15T02:56:05.000Z,@Ivanluizmesmo eu ca√≠ no bait da @UFPR sad,912392749701320709
941499233160585217,335986362,0,0,2,0,941499233160585217,2017-12-15T02:44:44.000Z,Vamo @UFPR libera logo esse espelho aaaa,
941497444952625152,4563314855,0,0,0,0,941497444952625152,2017-12-15T02:37:37.000Z,@UFPR E o site com as notas do vestibular fica como? Pra hoje ainda????,23978439
941495781328150529,603137538,0,0,1,0,941495781328150529,2017-12-15T02:31:01.000Z,@UFPR CADE O RESULTADOOOOO,23978439
941494700317528064,922587738855141382,0,0,5,0,941494700317528064,2017-12-15T02:26:43.000Z,Cad√™ a corre√ß√£o?????? Que tristeza @UFPR,
941493501753208833,345491273,0,0,2,0,941493501753208833,2017-12-15T02:21:57.000Z,@UFPR oi sumida rs,23978439
941490915448971264,544479247,2,0,5,0,941490915448971264,2017-12-15T02:11:40.000Z,"@UFPR pra que, eu pergunto, PRA QUE? https://t.co/5YZJKr3BUW",23978439
941490775979888640,125797870,1,0,2,0,941490775979888640,2017-12-15T02:11:07.000Z,"Saiu album do G-Eazy, falta eminem e meu resultado, j√° podem soltar se quiserem @ShadyRecords @UFPR",
941490497146753024,777026493327216640,0,0,0,0,941490497146753024,2017-12-15T02:10:01.000Z,Meeeee a #UFPR quer me infartar!,
941490360353738757,775180889387139072,0,0,0,0,941490360353738757,2017-12-15T02:09:28.000Z,"Comassim? A @UFPR nunca atrasa,",
941489674060787712,308219219,1,0,2,0,941489674060787712,2017-12-15T02:06:44.000Z,Poxa @ufpr meu cora√ß√£o n√£o aguenta,
941489662287405057,1862141324,0,0,3,0,941489662287405057,2017-12-15T02:06:42.000Z,Libera logo @UFPR  tenho psicot√©cnico de manh√£ e tenho que dormir cedo,
941489200419008512,1862141324,0,0,3,0,941489200419008512,2017-12-15T02:04:52.000Z,S√≥ queria minha nota @UFPR https://t.co/wabDL119z3,
941488466348658688,777026493327216640,0,0,1,0,941488466348658688,2017-12-15T02:01:57.000Z,"#ufpr, libera essas notas que quero lhe usar!",
941486908798095364,2540203099,0,0,0,0,941486908798095364,2017-12-15T01:55:45.000Z,@UFPR libera as notas a√≠ minha amiga,23978439
941483127062630400,3857458697,0,0,1,0,941462169794891776,2017-12-15T01:40:44.000Z,@_brunodalavale @luowna @Leuleko @UFPR Me parece correto,2955738382
941481185464799232,151105730,0,0,0,0,941478253696618496,2017-12-15T01:33:01.000Z,@Tuuts @UFPR vamo que vamooo,292989328
941480239410110466,151105730,0,1,0,0,941478253696618496,2017-12-15T01:29:15.000Z,@Tuuts @UFPR caraca nem sabia jkkkkkgk,292989328
941478869542072321,151105730,0,1,0,0,941478253696618496,2017-12-15T01:23:48.000Z,"@Tuuts @UFPR eita nois
why",292989328
941468628406456320,777026493327216640,0,0,0,0,941468628406456320,2017-12-15T00:43:07.000Z,Veeeenha not√£o da #ufpr vamos torcer!,
941468105515118598,4264799115,0,0,1,0,941397553874132992,2017-12-15T00:41:02.000Z,@lupanke @UFPR @ProgradUfpr @mktPauloJesus @ssbraga @ieri_schroeder @gazetadopovo @blogcp @josianefeliz @Ecervi Foi lindo!,113143582
941408052577816581,51525388,0,0,0,0,941407634858631168,2017-12-14T20:42:24.000Z,@gabibpt @UFPR Passar o natal com vc √© o q eu pe√ßo rsrsrs,794202529135554560
941397553874132992,113143582,0,1,3,0,941397553874132992,2017-12-14T20:00:41.000Z,"J√° j√° na reitoria da @UFPR 
Ser√° lindo! At√© l√° https://t.co/LRxxPsw90Q",
941396621736185857,383471851,0,0,0,0,941396621736185857,2017-12-14T19:56:59.000Z,"Bicho, ficar longe de vc vai ser bom demaix @UFPR",
941380797654847489,2787075283,2,0,6,0,941380797654847489,2017-12-14T18:54:06.000Z,"T√¥ numa fase que eu s√≥ penso naquilo...
O resultado do vestibular da @UFPR",
941362133815709696,44632152,2,0,5,0,941362133815709696,2017-12-14T17:39:57.000Z,#ResearcherConnect @NewtonFund: @Flapiro &amp; @WRGEurope promote International Research Writing Workshop at @UFPR &amp; @PUCPR_oficial in Brazil. https://t.co/JrnWKYqW3y,
941360529796485121,44632152,0,0,3,0,941360529796485121,2017-12-14T17:33:34.000Z,#ResearcherConnect @NewtonFund: @Flapiro e @WRGEurope promovem workshop de  comunica√ß√£o cient√≠fica na @UFPR e @PUCPR_oficial. https://t.co/g8eAKK5z3d,
941132622960447489,4264799115,0,0,1,0,941132622960447489,2017-12-14T02:27:57.000Z,"Vamos abra√ßar a @UFPR mais tarde?
https://t.co/nwibAXn8T5",
941125369775697920,214903422,0,0,0,0,941125369775697920,2017-12-14T01:59:08.000Z,"@ufsc, desculpa me perdoa por tds as vezes que te menosprezei e te trai com a @ufpr mas meu cora√ß√£o √© teu",28217357
941042149025636354,724440914958102532,0,0,0,0,941025461622202371,2017-12-13T20:28:26.000Z,@camysolvr opa @UFPR,917857133676384256
941041991948951554,158448866,0,0,1,0,941034429224497152,2017-12-13T20:27:49.000Z,@melhorcalada @UFPR que coisa!,41623098
941039568614240256,212742565,1,1,12,0,941039568614240256,2017-12-13T20:18:11.000Z,Hoje foi o @fellipeherman quem defendeu a disserta√ß√£o no PPG Ci√™ncia Pol√≠tica da @UFPR. O t√≠tulo do trabalho do pesquisador do @ponteufpr √© ‚ÄúCampanhas online e sociabilidade pol√≠tica: O uso do Facebook e do Twitter pelos candidatos a vereador em Curitiba nas elei√ß√µes de 2016‚Äù üëè https://t.co/SeWl2Iwtx9,
941034429224497152,41623098,2,2,0,0,941034429224497152,2017-12-13T19:57:46.000Z,"Por dica da @BinahIre fui ver se meus dados foram vazados por algum site, e a surpresa que sim (nada sens√≠vel), por√©m foi devido ao uso do Edmodo, plataforma n√£o homologada para uso instucional da @UFPR por√©m amplamente utilizada pelos professores.",
941012308586835971,59635882,0,0,0,0,941012308586835971,2017-12-13T18:29:52.000Z,"Confraterniza√ß√£o do LABERG 
#UFPR #Laborat√≥riodopolit√©cnico‚Ä¶ https://t.co/O26EdsFnGi",
940789865528033280,163285933,0,1,0,0,940594939116875776,2017-12-13T03:45:57.000Z,"@PilotoDeFug4 @ImNotANameless @UFPR MEU HOMEMMMM 
NASCIDO DO KUMONNNN",877694695127879680
940789038071603202,163285933,0,1,1,0,940594939116875776,2017-12-13T03:42:40.000Z,@PilotoDeFug4 @ImNotANameless @UFPR HAHAHAHAHA NEGO BEI√áUDO!,877694695127879680
940750399564369922,213106513,0,0,0,0,940750399564369922,2017-12-13T01:09:08.000Z,Colabora ai @UFPR https://t.co/xqkt2FMibp,
940738477293035520,2805912214,0,0,0,0,940738477293035520,2017-12-13T00:21:45.000Z,"Querido Papai Noel, esse ano foi uma boa menina.. Queria muito ganhar de presente aprova√ß√£o no vestibular, ficaria muito contente.. @UFPR",
940716509973893121,250646851,0,0,0,0,940716509973893121,2017-12-12T22:54:28.000Z,"I'm at @UFPR - Universidade Federal do Paran√° in Curitiba, PR https://t.co/hEbFecA6wk",
940682317856722944,405819234,0,0,0,0,940670493467840516,2017-12-12T20:38:36.000Z,@hiagoou @UFPR Hmm,296439080
940682183689326592,296439080,0,1,0,0,940670493467840516,2017-12-12T20:38:04.000Z,@_Aluando @UFPR Reop√ß√£o de curso,405819234
940681961340841987,405819234,0,1,0,0,940670493467840516,2017-12-12T20:37:11.000Z,@hiagoou @UFPR Como??,296439080
940681879895896064,296439080,0,1,0,0,940670493467840516,2017-12-12T20:36:51.000Z,@_Aluando @UFPR Matr√≠cula q fiz hoje pro novo curso,405819234
940681471857250305,405819234,0,1,0,0,940670493467840516,2017-12-12T20:35:14.000Z,@hiagoou @UFPR O que √© isso?,296439080
940678424544337920,296439080,0,1,0,0,940670493467840516,2017-12-12T20:23:08.000Z,@_Aluando @UFPR N√£o ta entendendo Oq??,405819234
940678028501372928,405819234,0,1,0,0,940670493467840516,2017-12-12T20:21:33.000Z,@hiagoou @UFPR N√£o t√¥ te entendendo,296439080
940670493467840516,296439080,0,1,4,0,940670493467840516,2017-12-12T19:51:37.000Z,Calouro de novo @UFPR üòÅ https://t.co/qISO9lWbrf,
940659378591543297,865735261954748416,0,0,0,0,940630379416956928,2017-12-12T19:07:27.000Z,@UFPR @leonardobilek o que √© nosso t√° guardado,23978439
940651420138790913,25612383,0,0,0,0,940528687501512705,2017-12-12T18:35:49.000Z,"@Andifes @UFPR @Emmanuelreitor @ufmg @FolhaPainel Me desculpe, mas a PF tem feito um belo trabalho. As Universidades p√∫blicas t√™m sofrido muito desvios de recursos e os reitores t√™m o dever de prestarem esclarecimentos sobre isso, mesmo n√£o sendo culpados diretamente pela corrup√ß√£o, mas s√£o respons√°veis pelo gerenciamento geral.",620914630
940647781450092544,155995975,0,0,0,0,940625466012196866,2017-12-12T18:21:22.000Z,@moniquedancs @UFPR isso √© o resultado de uma vestibulanda cansada,2183249208
940643932559609856,163285933,0,0,0,0,940594939116875776,2017-12-12T18:06:04.000Z,"@ImNotANameless @UFPR o que n√£o t√° concorrido hoje em dia, n√©? hahahah boa sorte pra n√≥s!",2827847991
940642410111078400,155995975,0,1,0,0,940625466012196866,2017-12-12T18:00:01.000Z,"@UFPR vish maria, eu confudi tudo as datas, achei que era 12 desse m√™s, ME PERDOA UFPR",23978439
940640248199041025,163285933,0,1,0,0,940594939116875776,2017-12-12T17:51:26.000Z,@ImNotANameless @UFPR fiz pra civil!,2827847991
940638981200531456,163285933,0,2,0,0,940594939116875776,2017-12-12T17:46:24.000Z,"@ImNotANameless @UFPR uia, nego, boa sorte",2827847991
940637659722141701,163285933,0,1,0,0,940594939116875776,2017-12-12T17:41:08.000Z,@ImNotANameless @UFPR fez pra que curso?,2827847991
940629571535286272,2823744237,0,0,2,0,940629571535286272,2017-12-12T17:09:00.000Z,1 m√™s para saber se sou caloura @UFPR 2018!üßê,
940624539314135040,801069654726811648,0,0,1,0,940624539314135040,2017-12-12T16:49:00.000Z,"Universidade Federal do Paran√° (@UFPR); 2
Universidade Federal do Sul e Sudeste do Par√° (@unifesspa); 2",
940581799914360832,912392749701320709,0,0,0,0,940579425225191424,2017-12-12T13:59:10.000Z,@siqqmmari @UFPR Relacionamento eu desisti guria. E minha fam√≠lia √© meio excluida nas ceias ent√£o la estarei salvo. Mas todo domingo at√© la ser√° um problema.,3239675847
940579633099165696,912392749701320709,0,0,0,0,940579425225191424,2017-12-12T13:50:34.000Z,@siqqmmari @UFPR SIM MEU.  Nao frequentarei almo√ßos de familia ate a libera√ß√£o,3239675847
940570826910371840,79893722,0,0,1,0,940564228754243584,2017-12-12T13:15:34.000Z,@tcmpacheco @UFPR Filho meu n√£o entra em federal.,2901050897
940564228754243584,2901050897,2,2,3,0,940564228754243584,2017-12-12T12:49:21.000Z,"Sabe por que a @UFPR n√£o faz NADA pra impedir ou coibir isso? Porque  o objetivo √© esse mesmo: 

https://t.co/v0PpcqTnfp",
940550653797167104,113143582,1,0,3,0,940550653797167104,2017-12-12T11:55:25.000Z,"Quinta tem celebra√ß√£o dos 105 anos da @UFPR 
E no informativo semanal tem muito mais informa√ß√£o super √∫til!
@pedrochapaval @ponteufpr @CpOp_UFPR @celufpr https://t.co/kxbyImM34V https://t.co/VzC82b0AGr",
940523718421426177,793237014535606273,1,0,0,1,940523718421426177,2017-12-12T10:08:23.000Z,"Vontade daquilo que come√ßa com P 

passar na federal al√¥ @ufpr",
940397415194087424,141427215,0,0,0,0,940397415194087424,2017-12-12T01:46:30.000Z,Festa de encerramento do #PBMIH na @ufpr !! Estamos juntos com a @ACNURBrasil :  https://t.co/vBKHhbD9ns,
940366600770916352,863132301173174272,0,0,3,0,940351368136716290,2017-12-11T23:44:03.000Z,@Isahernnandez Fala isso pra @ufpr kk,2425208435
940356524244905984,919978772081840132,0,0,0,0,940356524244905984,2017-12-11T23:04:01.000Z,12/12 | Defesa de disserta√ß√£o: Jogos (re)negociados. A capoeira no sistema penitenci√°rio paranaense #UFPR #antropologia https://t.co/ljsSfRmazr,
940355911218089986,919978772081840132,0,0,0,0,940355911218089986,2017-12-11T23:01:34.000Z,12/12 | Defesa de disserta√ß√£o: Y‚ÄôHOVY OHECHA√ÅRAMI: oOFICINAS DE CINEMA NA TEKOHA Y‚ÄôHOVY #UFPR #antropologia https://t.co/ALB5lsfDse,
940319398325309440,212742565,1,0,10,1,940319398325309440,2017-12-11T20:36:29.000Z,"A mais nova mestra pelo PPGCOM/@UFPR √© Mariane Nava (@Mariane_Nava), pesquisadora do @ponteufpr. Na tarde desta segunda, ela defendeu a disserta√ß√£o   ‚ÄúA imagem de @LulapeloBrasil constru√≠da pelos editoriais do jornal @Estadao durante as campanhas presidenciais de 1989 a 2006‚Äù. üëè https://t.co/ST7l88SqaF",
940286616987463686,909028717,0,0,0,0,940286616987463686,2017-12-11T18:26:13.000Z,@pessuti tudo Justo e Perfeito n√£o √© Pessut√£o? @UFPR @ufprtv https://t.co/6Tv5srcRbG,34166277
940284871464845313,909028717,0,0,0,0,940284871464845313,2017-12-11T18:19:17.000Z,a√≠ Irm.'. @pessuti @UFPR @ufprtv https://t.co/mUEQDyF8u1,
940284219867222022,909028717,0,0,0,0,940284219867222022,2017-12-11T18:16:42.000Z,#ForaBetoRicha #ForaTemer @UFPR @ufprtv https://t.co/LwwKkzvrxT,
940272961008947200,1141234086,0,0,2,0,940272961008947200,2017-12-11T17:31:57.000Z,@UFPR me da uma vaga em nutri√ß√£o por favor,23978439
940271282477821958,801422659447877632,0,0,0,0,940271282477821958,2017-12-11T17:25:17.000Z,"ONG convida para o compartilhamento de livros em Curitiba
#UFPR 
https://t.co/1Ky647AGqL",
940234498163335168,41587831,0,0,0,0,940234498163335168,2017-12-11T14:59:07.000Z,#EstadoDeExce√ß√£o no #Brasil #UFMG #UFSC #UFRGS #UFPR Universidade P√∫blica sob a mira do #Golpe https://t.co/HMbpVYGNiM,
940203234475601920,4264799115,0,0,1,0,940203234475601920,2017-12-11T12:54:53.000Z,"Eu vou! https://t.co/slD0hv5TEc
@UFPR",
939863440188952578,141427215,0,0,0,0,939863440188952578,2017-12-10T14:24:40.000Z,"Em comemora√ß√£o, tivemos ontem na @UFPR a formatura de 170 alunos migrantes e refugiados do projeto de extens√£o Portugu√™s Brasileiro para Migra√ß√£o Humanit√°ria. Direitos humanos e pol√≠tica lingu√≠stica de acolhimento. S√≥ falta visibilidade. https://t.co/xIDHxXg5vr",
939846830988447750,919978772081840132,0,0,0,0,939846830988447750,2017-12-10T13:18:40.000Z,11/12 | Defesa de disserta√ß√£o: Las fragmentacioes del trabalho: una etnograf√≠a de los trabalhadores del az√∫car en el norte de Argentina #UFPR #antropologia https://t.co/KFerY7fGPZ,
939451090571091968,46278621,0,0,0,0,939451090571091968,2017-12-09T11:06:08.000Z,"Ba√≠a de Antonina, logo cedo hoje. üíöüíô #analiseambiental #UFPR em Antonina, Parana https://t.co/UIBwb0pp8H",
939308407139586048,872880793751871492,0,0,0,0,939308407139586048,2017-12-09T01:39:10.000Z,@UFPR  √Äs ruas contra a Reforma da Previd√™ncia Escravagista feita por corruptos para atender demanda de banqueiros e Mega empresarios,23978439
939256920908681216,31197706,0,0,0,0,939256920908681216,2017-12-08T22:14:35.000Z,A Defesa j√° saiu! https://t.co/92PX3OzC1A Gra√ßas a @ProfGiseleLenzi @UFPR @GeselUFRJ,
939185263162593280,17897953,1,0,3,0,939185263162593280,2017-12-08T17:29:50.000Z,"A mais nova publica√ß√£o do NPDEAS da @UFPR. Cap√≠tulo sobre microalgas no livro Biotecnologia Microbiana Ambiental. Trabalho interdisciplinar envolvendo professores do Departamento de Engenharia El√©trica, Mec√¢nica e Gen√©tica. Mais em https://t.co/sQqrLDYEmE https://t.co/bTvO6GVKB9",
939162567930466304,742150680186605568,2,0,0,0,939162567930466304,2017-12-08T15:59:39.000Z,PPG em Farmacologia da #UFPR promove X Curso de Ver√£o em Farmacologia. https://t.co/lkCMUnMbYC,
939146327413358592,919978772081840132,0,0,0,0,939146327413358592,2017-12-08T14:55:07.000Z,Defesa de disserta√ß√£o 08/12 | Hardcore ladies: o fisiculturismo de mulheres #UFPR #antropologia https://t.co/I1ifQRDll4,
938887288343416834,915064191706451969,0,1,1,0,938887288343416834,2017-12-07T21:45:47.000Z,I have a weird thing for this state #pr #ufpr #cwbcool em Pra√ßa Santos Andrade https://t.co/1rFmwEYZnn,
938882563191472128,93330115,0,0,2,0,938882563191472128,2017-12-07T21:27:01.000Z,"N√£o votei no Magn√≠fico Reitor Prof. Dr. Ricardo Marcelo , mas poucas vezes me senti t√£o bem representado por uma autoridade @UFPR @ponteufpr https://t.co/881IMIDHLP",
938867048414875649,2265914863,0,0,0,0,938570083328249856,2017-12-07T20:25:22.000Z,"@esmaelmorais @UFPR @ricardo_marcelo @requiaopmdb @UFSC @ufmg A PF TA SEM RUMO, SO FAZENDO MERDA",19657485
938866905116545024,141427215,0,0,0,1,938866905116545024,2017-12-07T20:24:48.000Z,"Esse s√°bado teremos a formatura das turmas de Portugu√™s Brasileiro para Migra√ß√£o Humanit√°ria: projeto de extens√£o da @UFPR que se faz em condi√ß√µes prec√°rias, sem sala pr√≥pria nem impressora, mas com muita vontade pol√≠tica dos volunt√°rios e com o apoio da @ACNURBrasil",
938848995732066305,141427215,0,0,1,0,938848995732066305,2017-12-07T19:13:38.000Z,√ìtima a nota do reitor da @UFPR . N√£o seria o caso de as universidades federais tomarem uma posi√ß√£o mais radical contra os desmandos e desmontes do governo federal? Parar tudo? #GreveGeral https://t.co/G7uZubOCXK,
938778334112157696,19657485,17,0,23,2,938778334112157696,2017-12-07T14:32:51.000Z,Reitor da UFPR denuncia um ano de ataques contra as universidades p√∫blicas brasileiras https://t.co/NrKYaA2AzE #UFMG #UFSC #UFPR,
938774130329112576,375859256,2,0,9,0,938774130329112576,2017-12-07T14:16:08.000Z,eu n vo aguenta 1 M√äS p sair o resultado PFVR LIBERA ANTES @UFPR,
938721741244911616,71304458,0,0,0,0,938721741244911616,2017-12-07T10:47:58.000Z,"Bom dia! Reuni√£ozinha (at @UFPR - Universidade Federal do Paran√° in Curitiba, PR) https://t.co/l1hxFmTjWk",
938715395602731009,223322083,0,0,2,0,938715395602731009,2017-12-07T10:22:45.000Z,"Festa com Rock Nacional em Palotina nesta sexta-feira, dia 8/12, na Green Club ATC. #Palotina #UFPR Setor Palotina convidado https://t.co/RYi1L9VxoD",
938589126558760960,96129950,1,0,3,0,938589126558760960,2017-12-07T02:01:00.000Z,A @UFPR vai ofertar 1.447 vagas pelo Sisu - https://t.co/6HO4qbvXIt https://t.co/uJN9NXEKoK,
938580103885479936,41587831,0,0,0,0,938580103885479936,2017-12-07T01:25:09.000Z,"Meus parab√©ns ao magn√≠fico (em min√∫sculo porque √© um elogio, e n√£o uma forma de tratamento) Reitor da #UFPR, Ricardo Marcelo Fonseca: UM ANO DE ATAQUES CONTRA AS UNIVERSIDADES P√öBLICAS BRASILEIRAS. Subscrevo suas palavras https://t.co/JMYb20VnGl",
938562809943810050,66441340,0,0,0,0,938562809943810050,2017-12-07T00:16:26.000Z,"Blog Chik Jeitoso - Reitor da UFPR denuncia um ano de ataques contra as universidades p√∫blicas brasileiras https://t.co/31IMx4704k #BlogChikJeitoso @UFPR @TRT_PR @bessagazeta @TCEPR @caixazero @legislativoPR @imprensaPR @tnonline_ @tnonline_
 @ponteufpr @ProgradUfpr",
938506582165467136,31197706,0,0,0,0,938506582165467136,2017-12-06T20:33:00.000Z,Educa√ß√£o em Foco j√° saiu! https://t.co/iIsuUq5Ii3 Gra√ßas a @TodosEducacao @UFPR @filarmonicamg #saltoparaofuturo #bncc,
938500974792138754,66441340,0,0,0,0,938500974792138754,2017-12-06T20:10:43.000Z,Blog Chik Jeitoso - Mesquita Deputado Federal 2018 https://t.co/ezvQ9FKIYH #BlogChikJeitoso @BetoRicha @fricha42 @MarcelloRicha @Boca_Maldita @impactopr @mauro_moraes @sesppr @UFPR  @CBNCuritiba @BandNewsFMCtba @paranaportal @governodoparana @blogdorigon @OABPR @legislativoPR,
938480616374456320,1862445859,0,1,0,0,938479667396440064,2017-12-06T18:49:49.000Z,"@itshello_ @UFPR Parab√©nss, muito orgulho!!! üôåüèº",2941410892
938451115636641792,801069654726811648,0,0,0,0,938451115636641792,2017-12-06T16:52:36.000Z,"Instituto Federal do Paran√° (IFPR); 5
Universidade Federal do Paran√° (@UFPR); 2",
938159526695579653,919978772081840132,0,0,0,0,938159526695579653,2017-12-05T21:33:55.000Z,"Igor Chmyz, professor colaborador do PPGA e pesquisador do CEPA, ser√° um dos agraciados com a Medalha M√°rio de Andrade. A cerim√¥nia de homenagem ser√° nesta pr√≥xima segunda-feira, 11 de dezembro, √†s 15h #UFPR #arqueologia #IPHAN https://t.co/xtvu9DIEe2",
937790556637487106,250646851,0,0,0,0,937790556637487106,2017-12-04T21:07:46.000Z,"I'm at @UFPR - Universidade Federal do Paran√° in Curitiba, PR https://t.co/qSokhpgH7P",
937759411879251968,113143582,1,0,1,0,937759411879251968,2017-12-04T19:04:01.000Z,"Resumo da Semana @UFPR 
@celufpr @CpOp_UFPR @ponteufpr 
https://t.co/jtWIajxHHJ https://t.co/miNlBr4CSA",
937689559772614656,777026493327216640,0,1,1,0,937689559772614656,2017-12-04T14:26:27.000Z,A #ufpr bem que poderia dar um presente de natal e antecipar os resultados :(,
937648366133170176,891050631296897024,0,0,0,0,937648366133170176,2017-12-04T11:42:45.000Z,"@UFPR 09:42:41*O MAIS PODEROSO AFRODIS√çACO! PARA HOMENS E MULHERES, COME√áA A FUNCIONAR EM 15 MINUTOS,https://t.co/YCDCZfjMib",23978439
937616817987649536,4264799115,0,0,2,0,937616817987649536,2017-12-04T09:37:24.000Z,"""Ler os pares: uma reflex√£o sobre o di√°logo que acontece nas refer√™ncias bibliogr√°ficas"" @UFPR : https://t.co/JfLwvUjWXL https://t.co/7uUi0rwZwR",
937421433847902210,565870638,1,1,5,0,937421433847902210,2017-12-03T20:41:00.000Z,"Essa semana vou ficar louca kkk rindo p n√£o chorar 
@ufpr abaixa a m√©dia",
937360129929957378,50484736,0,0,0,0,937360129929957378,2017-12-03T16:37:24.000Z,1¬™ mostra do Clube de Dan√ßa UFPR foi sensacional!!! | The 1st presentation of the dance club of UFPR was amazing!!! #dance #forr√≥ #coupledance #UFPR https://t.co/EES5LOoX6b https://t.co/qt1ArUg3M9,
937264658142191616,921553334,0,0,2,0,937264015297994752,2017-12-03T10:18:02.000Z,"@UFPR  Libera o resultado antes, como presente de natal",921553334
936947021063380992,4264799115,0,0,0,0,936947021063380992,2017-12-02T13:15:52.000Z,"Confira o post completo com imagens do concerto de ontem, em homenagem aos 80 anos do SCH: @UFPR https://t.co/3i2nkosTBn https://t.co/1tZUNuxE0z",
936813129224163329,100303250,0,0,0,0,936813129224163329,2017-12-02T04:23:49.000Z,"Bonde das mestrandas UFPR üò∑üë©üèª‚Äç‚öïÔ∏èüè®üíâüíäü§í
 
#Prepara #Nurses #Mestrandas #UFPR #Cazamigas #instagood‚Ä¶ https://t.co/FUwj52DlNz",
936767274102460416,2385634436,0,0,0,0,936281988494917632,2017-12-02T01:21:37.000Z,@UFPR N√£o?  üòê,2385634436
936740447946444805,2882437401,0,0,4,0,936740447946444805,2017-12-01T23:35:01.000Z,N√£o estamos sabendo lidar com essa √°rvore toda cheia de Qu√≠mica. https://t.co/l8SbXaQp3n #UFPR #Palotina https://t.co/MpZEnvByyE,
936699790183862273,375441142,0,0,0,0,936699790183862273,2017-12-01T20:53:27.000Z,"I'm at SEPT - Setor de Educa√ß√£o Profissional e Tecnol√≥gica - @ufpr in Curitiba, PR https://t.co/yqfw8xlEv3",
936698271363403776,345491273,0,0,0,1,936698271363403776,2017-12-01T20:47:25.000Z,"@UFPR oi, s√≥ avisando aqui que diversos alarmes de carros tocaram durante a aplica√ß√£o da 2¬™ fase no poli üòï tinham que dar um jeito do estacionamento ser mais afastado",23978439
936634109975285761,2882437401,0,0,2,0,936634109975285761,2017-12-01T16:32:28.000Z,Participem da pesquisa de autoavalia√ß√£o institucional da UFPR. https://t.co/Vg4cJPYjgE  #UFPR #Palotina,
936598146024722439,954449161,0,0,1,0,936598146024722439,2017-12-01T14:09:33.000Z,@UFPR meu anivers√°rio √© dia 15. Voc√™s me d√£o a aprova√ß√£o como presente? Nunca te pedi nada ‚ô°,23978439
936531284209360896,919978772081840132,0,0,1,0,936531284209360896,2017-12-01T09:43:52.000Z,05/12 | Defesa de disserta√ß√£o: Por uma onirologia Kaingang: levantamento etnogr√°fico sobre o sonhar #UFPR #antropologia #Kaingang https://t.co/YLPq216Eu0,
936411189386588161,3126810244,0,0,1,0,936411189386588161,2017-12-01T01:46:39.000Z,@UFPR faz uma feira logo a√≠ pf,23978439
936369593572093954,250646851,0,0,0,0,936369593572093954,2017-11-30T23:01:22.000Z,"I'm at @UFPR - Universidade Federal do Paran√° in Curitiba, PR https://t.co/TD1qKkoxUN",
936365264144396288,59635882,0,0,0,0,936365264144396288,2017-11-30T22:44:10.000Z,"At√© altas horas no Polit√©cnico...
#UFPR #artigointernacional‚Ä¶ https://t.co/8GzhpfAoa0",
936297259565711360,1963600106,0,0,0,0,936297259565711360,2017-11-30T18:13:56.000Z,Eu n√£o quero ter que passar mais seis meses nessa @UFPR #ajudaluciano #queroformar,
936283023343005699,2385634436,0,1,0,0,936281988494917632,2017-11-30T17:17:22.000Z,@UFPR podemos participar das aulas de portugu√™s como migrante e aluno da UFPR?,23978439
936227751677358081,212742565,0,0,0,0,935606121368256513,2017-11-30T13:37:44.000Z,@CGUonline @anticorruption @Transparent_Red @transparenciaIT @UFPR @inctdd,212742565
936218591908827136,71304458,0,0,0,0,936218591908827136,2017-11-30T13:01:21.000Z,"√öltimas duas provas do tempo regulamentar hehe (at @UFPR - Universidade Federal do Paran√° in Curitiba, PR) https://t.co/LKfnfji7pF",
936203367025709056,67387863,0,0,0,0,936203367025709056,2017-11-30T12:00:51.000Z,üèõÔ∏è #curitilover #curitibacool #curitibacult #cenacuritiba #ufpr #prediohistoricoufpr @ UFPR‚Ä¶ https://t.co/u6oIaaEuS7,
935986148123512832,79280216,0,0,2,0,935942830014509056,2017-11-29T21:37:42.000Z,@valcmj @andrebmariano @UFPR A minha t√° mais completa hahahaha,725624972
935966911590010880,17897953,0,0,1,0,935942830014509056,2017-11-29T20:21:15.000Z,@arthur_henriqe @UFPR Ai sim,79280216
935966250777432065,79280216,0,1,3,0,935942830014509056,2017-11-29T20:18:38.000Z,"@andrebmariano @UFPR Fiz a mesma cita√ß√£o na minha monografia, 10 dias atr√°s :)",17897953
935965114779529216,102212163,0,0,0,0,935919801129689088,2017-11-29T20:14:07.000Z,"@wtbrooke @UFPR Sou vc, Vic... Vai passar na UFPR, sim!",2727359387
935951724371726337,39270114,0,0,0,0,935833503735959553,2017-11-29T19:20:54.000Z,@Brodeschi @CorridaNoAr @UFPR Kkkkkkk,62718756
935942830014509056,17897953,29,3,89,7,935942830014509056,2017-11-29T18:45:34.000Z,"Ep√≠grafe em TCC neste n√≠vel, s√≥ os meus alunos da @UFPR. D√° pra ver que eles est√£o prestando aten√ß√£o naquilo que falo nas entrelinhas! https://t.co/QjUCwOo46A",
935919801129689088,2727359387,1,1,2,3,935919801129689088,2017-11-29T17:14:03.000Z,Que cor de calcinha devo usar na virada do ano pra passar na @UFPR ü§î,
935904388559917057,62718756,0,1,0,0,935833503735959553,2017-11-29T16:12:49.000Z,@CorridaNoAr Em Curitiba tem a pista de atletismo da @UFPR mas ao menos at√© h√° alguns meses era uma pista p√∫blica fechada ao p√∫blico.,1352700907
935887828604596224,801069654726811648,0,0,0,0,935887828604596224,2017-11-29T15:07:00.000Z,"Universidade Federal do Par√° (@UFPA_Oficial); 4
Universidade Federal da Para√≠ba (@UFPBoficial); 3
Universidade Federal do Paran√° (@UFPR); 3",
935832468053164033,51783845,0,0,1,1,935832468053164033,2017-11-29T11:27:01.000Z,C√©u lindo e azul por aqui... @UFPR &lt;3 https://t.co/hDIq0BmEaM,
935805662000533504,71304458,0,0,1,0,935805662000533504,2017-11-29T09:40:30.000Z,"√öltima aula, amanh√£ s√≥ provas (at @UFPR - Universidade Federal do Paran√° in Curitiba, PR) https://t.co/yDvo0NFM0F",
935560306469851136,2940704295,0,0,0,0,935546834499588097,2017-11-28T17:25:33.000Z,@UFPR √â muito sofrimento esperar tantooooooooo,23978439
935503556769087488,113143582,1,0,1,0,935503556769087488,2017-11-28T13:40:03.000Z,"Caso vc tenha perfido, aqui est√° o Semana UFPR, veiculado ontem. 
#ufpr 
@CpOp_UFPR @ponteufpr @celufpr 
https://t.co/ArO8XJN74f https://t.co/fW8Ds0lfzI",
935477219593515009,1004686500,0,0,0,0,935477219593515009,2017-11-28T11:55:24.000Z,"Meu amor agora √© oficial, Eng Mec√¢nica- @UFPR 2018‚ù§Ô∏è",
935353755016589312,345022329,0,0,2,0,935322098872016896,2017-11-28T03:44:47.000Z,@UFPR Ent√£o s√≥ vou saber se passei no meio do ano?,23978439
935352521081655296,762105118389043200,0,0,0,0,935216967375577089,2017-11-28T03:39:53.000Z,@kthaiisz @UFPR Boa sorteeeee üíö,219273761
935341462673346560,345022329,0,0,0,0,935322098872016896,2017-11-28T02:55:57.000Z,@UFPR Sensa,23978439
935318522259038208,176186733,0,0,0,0,935318522259038208,2017-11-28T01:24:47.000Z,@UFPR d√° pra divulgar a data que vai sair o resultado do vestibular queridxs? obrigado mores ‚ô•Ô∏è,23978439
935306278280278016,151646342,0,0,1,0,935306278280278016,2017-11-28T00:36:08.000Z,"@ufpr curtiu meu tweet, seria um sinal de que dessa vez ela vai me dar uma chance essa linda???",23978439
935286298394398720,2652178449,2,0,9,0,935286298394398720,2017-11-27T23:16:44.000Z,"Vem p mim sua linda @UFPR, cad√™ a cerveja???",
935282523977986048,219273761,0,1,1,0,935216967375577089,2017-11-27T23:01:45.000Z,"@paularochacfc @UFPR Jura? Estava torcendo tanto pra cair em peso org√¢nica, mas caiu 2, uma delas super confusa, odiei :( e provar da pucpr pra ufpr a coordenadora j√° disse q n√£o rola, grades mega diferentes :( reza por mim migs hahaha",762105118389043200
935277213670346752,762105118389043200,0,1,0,0,935216967375577089,2017-11-27T22:40:39.000Z,"@kthaiisz @UFPR No ano que eu fiz caiu s√≥ org√¢nica (ü§¢) e eu n√£o sabia nada, mesmo assim passei hahaha milagres acontecem",219273761
935257995931463680,273036282,0,0,0,0,935257995931463680,2017-11-27T21:24:17.000Z,Vida Universit√°ria j√° saiu! https://t.co/ZMV1RNeXi4 Gra√ßas a @UFPR @5205Andre @SIBiUSP #enem #vestibular https://t.co/38G026WxLT,
935257938293338113,31197706,0,0,0,0,935257938293338113,2017-11-27T21:24:03.000Z,Vida Universit√°ria j√° saiu! https://t.co/r8tuAIJoTQ Gra√ßas a @UFPR @5205Andre @SIBiUSP #enem #vestibular,
935257819963682817,182517314,0,0,0,0,935239742291107840,2017-11-27T21:23:35.000Z,"@UFPR enquanto uns faltam, eu queria tanto ter ido",23978439
935247844377841664,151646342,0,0,1,0,935247844377841664,2017-11-27T20:43:56.000Z,@UFPR vc √© louca mas eu te amo,23978439
935217646500483072,219273761,1,0,1,0,935217646500483072,2017-11-27T18:43:57.000Z,Que venha @UFSC.. estupre menos q eu j√° to assada o suficiente por culpa da @UFPR,
935216967375577089,219273761,2,1,3,0,935216967375577089,2017-11-27T18:41:15.000Z,"Mano do c√©u que prova espec√≠fica de qu√≠mica foi essa dona @UFPR? Cad√™ isomeria? Cad√™ equil√≠brio? pH? Cin√©tica? 
quero morre",
935213227759284224,881261089736069125,0,0,0,0,935213050445094912,2017-11-27T18:26:23.000Z,@UFPR Parab√©ns,23978439
935170100642054145,801069654726811648,0,0,1,0,935170100642054145,2017-11-27T15:35:01.000Z,"Universidade Federal do Paran√° (@UFPR); 5
Universidade Federal do Rio Grande do Sul (@ufrgsnoticias); 2
Universidade Federal do Piau√≠ (@ufpioficial); 2",
935166335025340416,919978772081840132,0,0,0,0,935166335025340416,2017-11-27T15:20:03.000Z,"Terceira Jornada do Centro Brasileiro de Estudos Durkheimianos: Magia e  Religi√£o: teorias, m√©todos e suportes documentais no √¢mbito da Escola  Sociol√≥gica Francesa"" #UFPR https://t.co/XIuvqtJhcv",
935163529132498944,463078060,0,0,0,0,935163529132498944,2017-11-27T15:08:54.000Z,"aaaaaAAAAA eh hoje (at @UFPR - Universidade Federal do Paran√° in Curitiba, PR) https://t.co/x0eSqmMqko",
935110601344471045,4264799115,1,0,2,0,935110601344471045,2017-11-27T11:38:35.000Z,"Medievalistas n√£o s√£o antiqu√°rios, nem anacr√¥nicos... Preconceito se combate com estudo, conhecimento! Vem com a gente! @UFPR https://t.co/pl5XMIDmPR",
935104628236214272,3347169766,0,0,4,0,935104628236214272,2017-11-27T11:14:51.000Z,Bom diaaa ! √öltima fase a mais temida sos !!!! GO GO #UFPR üéâ,
935063843415515136,2709871813,0,0,2,0,935063843415515136,2017-11-27T08:32:47.000Z,8 mil candidatos fazem as provas espec√≠ficas da @UFPR nesta segunda-feira (27) https://t.co/jSW3VC7lit,
934999783604973568,1526634043,0,0,0,0,934998203333857281,2017-11-27T04:18:14.000Z,@ovandijrr @gabelonzo @UFPR eu amo voc√™s demais,859597284102864896
934970280010756096,58538112,0,0,0,0,934970280010756096,2017-11-27T02:21:00.000Z,"https://t.co/E6wClKiveW

#ufpr #vestibularufpr #curitiba #cwb #curitibavestibular #estudantecuritiba #jornale #cwbufpr",
934947961263489024,170092203,0,0,0,0,934947961263489024,2017-11-27T00:52:19.000Z,"exatamente 5 anos atras eu passava para a 2 fase da @UFPR e exatamente hoje fiz o enade, que coisa nao",
934943444425957376,141291276,0,0,2,1,934943444425957376,2017-11-27T00:34:22.000Z,"Tava andando na rua e at√© aqui me persegue, √© pra ser n√©... #UFPR https://t.co/fb21ucWdna",
934943395835006977,345491273,0,0,0,0,934935319522234368,2017-11-27T00:34:10.000Z,@ThaisFr2000 @UFPR https://t.co/F7RyiDpUDc @ufpr que mentira te amo,801512593
934926869446742022,555162529,0,0,0,0,934924913919578112,2017-11-26T23:28:30.000Z,@maah_teruel @UFPR Onde n√£o tinha rela√ß√£o?üò±,479621047
934925993197830144,934084611440816128,0,0,0,0,934924913919578112,2017-11-26T23:25:01.000Z,"@maah_teruel @UFPR o que n√£o tinha rela√ß√£o? n√£o tinha nada pra julgar que n√£o tivesse rela√ß√£o, tinha?",479621047
934921029247492098,2361366361,1,0,3,1,934921029247492098,2017-11-26T23:05:18.000Z,"Obrigado @UFPR  por me fazer acreditar na exist√™ncia de vida fora da terra
E que eles s√£o superdesenvolvidos https://t.co/Z0TAjdZdyr",
934918071902527488,312829614,0,0,1,0,934765814066155520,2017-11-26T22:53:32.000Z,@UFPR @made_in_roca,23978439
934915916994961408,764541472892936192,0,0,1,0,934915825626157056,2017-11-26T22:44:59.000Z,"@UFPR S√≥ falta voc√™ me aceitar, nen√©m. üíï",764541472892936192
934915825626157056,764541472892936192,0,1,2,0,934915825626157056,2017-11-26T22:44:37.000Z,"Gostei dos temas e dos g√™neros que pediram, valeu @UFPR por facilitar o meu lado",
934897862084890625,257645810,0,0,4,0,934897862084890625,2017-11-26T21:33:14.000Z,"De todas as universidades que fui at√© agora, a @UFPR era a mais linda. Espero ir todos os dias ano que vem l√°, af, apxonada",
934897826697490432,308219219,1,0,1,0,934897826697490432,2017-11-26T21:33:06.000Z,"Poxa, @ufpr :(",
934893347810041861,901947187,0,0,1,0,934893347810041861,2017-11-26T21:15:18.000Z,"@UFPR sua linda, acho que nos vemos ano que vem üíô",23978439
934892343454523392,777026493327216640,0,0,1,0,934765814066155520,2017-11-26T21:11:18.000Z,"@tmafer1 @UFPR Caiu artigo de opini√£o, informativo e resumo",894194411831164929
934889683473125377,176186733,0,0,1,0,934880893549891586,2017-11-26T21:00:44.000Z,@peressalamaia @UFPR obrigada ‚ô•Ô∏è j√° estava surtando,261951372
934886546754424832,755620681862279168,1,0,5,0,934886546754424832,2017-11-26T20:48:16.000Z,@UFPR eu sei que n√£o sou a melhor pra voc√™ mas voc√™ √© o melhor pra mim bb me aceita vai rs,23978439
934883671416373248,4834093419,0,0,1,0,934883671416373248,2017-11-26T20:36:51.000Z,@UFPR vc est√° acabando com o meu psicol√≥gico,23978439
934883582073589760,204411177,0,0,0,0,934880893549891586,2017-11-26T20:36:29.000Z,@serialkeating @UFPR @serialkeating tem espec√≠fica amanh√£,176186733
934882784493166592,4834093419,0,0,1,0,934882784493166592,2017-11-26T20:33:19.000Z,Fiquei com a perna doendo de tanto ficar sentado fazendo a prova da @UFPR,
934882426588983297,176186733,0,1,0,0,934880893549891586,2017-11-26T20:31:54.000Z,@UFPR primeiro dia porque? tem outros dias??,23978439
934881312674066432,446206574,0,0,2,0,934881312674066432,2017-11-26T20:27:28.000Z,Os humilhados ser√£o exaltados n√© @UFPR,
934879260136886274,777026493327216640,0,0,0,0,934879260136886274,2017-11-26T20:19:19.000Z,#ufpr te amo!!! Adorei os temas!,
934866655750090752,55691840,0,0,1,0,934866655750090752,2017-11-26T19:29:14.000Z,Saindo do vestibular da @UFPR e j√° faz UMA HORA E MEIA que eu estou no tubo esperando o √¥nibus e nada. √â esse o refor√ßo que a @Curitiba_PMC prometeu? https://t.co/oitdBJTnDW,
934802511759847424,621861584,0,0,0,0,934802511759847424,2017-11-26T15:14:21.000Z,"Deus me aben√ßoe e me proteja (at @UFPR - Universidade Federal do Paran√° in Curitiba, PR) https://t.co/sJuik3v0CE",
934791156294135809,261423654,0,0,1,0,934766356691644416,2017-11-26T14:29:13.000Z,"@malukoerich @UFPR Ai mds, brigadaaaaa, vamos arrasar hj üíñ",803215101469818881
934780988093280256,764541472892936192,0,0,2,0,934765814066155520,2017-11-26T13:48:49.000Z,"@UFPR Me aceita, porque te quero ‚ù§Ô∏è",23978439
934770684810670080,3307672972,0,0,1,0,934770684810670080,2017-11-26T13:07:53.000Z,@UFPR  sua linda!!! ‚ù§Ô∏è https://t.co/QBxgKCGktt,23978439
934767294898634752,803215101469818881,0,1,3,0,934766356691644416,2017-11-26T12:54:24.000Z,"@belleszuba @UFPR Vc vai arrasar guria!!
A unica coisa que pode te impedir de brilhar √© vc mesma 
üíô CONFIA QUE VAI DAR TUDO CERTOüíô",261423654
934766356691644416,261423654,0,1,12,0,934766356691644416,2017-11-26T12:50:41.000Z,O meu futuro ta entre mim e essas tr√™s reda√ß√µes. S√≥ me da minha vaga logo @ufpr nunca te pedi nada,
934756750284247050,585327998,2,0,3,0,934756750284247050,2017-11-26T12:12:30.000Z,"Hoje √© dia de ir pro poli dar uma for√ßa pros futuros calouros, vem ser @UFPR !",
934754027958624256,3347169766,0,1,6,0,934754027958624256,2017-11-26T12:01:41.000Z,Vamos da nosso melhor üß°#GO GO #UFPR,
934734761507147779,243173367,0,1,2,0,934734761507147779,2017-11-26T10:45:08.000Z,√© hoje meus amigos #UFPR,
934594151135481857,243173367,0,0,0,0,934594151135481857,2017-11-26T01:26:24.000Z,to ansioso com a prova amanh√£ #UFPR,
934581052902989825,590189609,0,0,1,0,934382171401478144,2017-11-26T00:34:21.000Z,@melziss @UFPR Assim eu fico constrangido com a UFPR pessu,298106850
934578542054133761,629816473,0,0,1,0,934382171401478144,2017-11-26T00:24:22.000Z,@melziss @DjhoucomU_ @UFPR Que ser humano evolu√≠do!,298106850
934568024170029056,298106850,0,2,1,0,934382171401478144,2017-11-25T23:42:35.000Z,"@DjhoucomU_ @UFPR agora eu vou te expor 
[25/11 12:02] Djhonathan: t√¥ fazendo umas recorda√ß√µes de f√≠sica
[25/11 12:02] Djhonathan: estudando",590189609
934532428760276992,44975954,0,0,2,0,934532428760276992,2017-11-25T21:21:08.000Z,"5¬∞ Brazilian #Fanconi Meeting! ‚úî‚úî
#oralmedicine #fanconianemia #ufpr‚Ä¶ https://t.co/rtFM5DSiht",
934479789121040384,820344093255630848,0,0,0,0,934479789121040384,2017-11-25T17:51:58.000Z,@UFPR https://t.co/2f2q9LiOkS,23978439
934458286149177344,243173367,1,1,1,0,934458286149177344,2017-11-25T16:26:31.000Z,√â AMANH√É! @bazanxx boa sorte pra n√≥s! #UFPR,
934382171401478144,590189609,0,1,3,0,934382171401478144,2017-11-25T11:24:04.000Z,"1 dia de compreens√£o de texto e reda√ß√£o e outro dia s√≥ pra f√≠sica e matem√°tica...

cad√™ a humanas, @UFPR? f√≠sica nunca nem vi",
934241425713258498,3307672972,0,0,1,1,934241425713258498,2017-11-25T02:04:47.000Z,Queria ser a @ na listinha de aprovados da @UFPR 2018 hehe ‚ù§Ô∏è‚ù§Ô∏è,
934202649087393792,75726175,0,0,0,0,934202649087393792,2017-11-24T23:30:42.000Z,Dia de provinha #direito #constitucional #direitoconstitucional #ufpr em Faculdade de Direito da‚Ä¶ https://t.co/7nFQlNYPIq,
934132540025294849,69973470,1,0,1,0,934132540025294849,2017-11-24T18:52:07.000Z,"O pesquisador @jmarianosilva falando sobre as posi√ß√µes dos Ministros do @STF_oficial na jurisdi√ß√£o constitucional (2012-2016), no Semin√°rio Discente na @UFPR.",
934131760622985216,69973470,1,0,1,0,934131760622985216,2017-11-24T18:49:01.000Z,Apresenta√ß√£o de pesquisas agora √† tarde no I Semin√°rio Discente da P√≥s Direito da @UFPR e @usponline. https://t.co/51GhDhIVhC,
934115901854703617,811511719558344704,1,0,1,1,934115901854703617,2017-11-24T17:46:00.000Z,"#AKI in Elderly Population: A Prospective Observational Study

https://t.co/uT21aa44VR
@prorenal @UFPR #RRT https://t.co/PV69r62ZxF",
934107454396301313,44219243,0,0,3,0,934107454396301313,2017-11-24T17:12:26.000Z,It has been an amazingly good meeting! Lots of inspiring ideas! @UBNFC @PooleLabOxford @JohnInnesCentre @UFPR https://t.co/pxHN4DlaL3,
934080134507909120,95756773,0,0,0,0,934080134507909120,2017-11-24T15:23:53.000Z,"FORMEI, CARAI! AGORA SOU OFICIALMENTE PRODUTORA C√äNICA! Segunda formatura na UFPR! Yay!!! o/ #Produ√ß√£oC√™nica #UFPR",
933829111470002179,1154642438,0,0,0,0,932812171947462656,2017-11-23T22:46:24.000Z,@ppatiribeiro @joaomzs @UFPR Gente nos tudo vai fazer psicoo aaaaaaaaa,262291337
933829088741085184,56747956,0,0,0,0,933725588707250183,2017-11-23T22:46:19.000Z,@Vitorpestana @UFPR Sem sombra de d√∫vidas,321554910
933828386543341568,1154642438,0,0,0,0,932812171947462656,2017-11-23T22:43:31.000Z,"@ppatiribeiro @joaomzs @UFPR Mudou pra apologia de S√≥crates n√©? Quase chorei, Habermas voltaaaaaa",262291337
933827828415713280,56747956,0,0,0,0,933725588707250183,2017-11-23T22:41:18.000Z,@Vitorpestana @UFPR S√≥ meio semestre a mais,321554910
933807525807443968,60060011,0,0,0,0,933807525807443968,2017-11-23T21:20:38.000Z,to muito titi sera q podes me dar uma vaguinha @UFPR,
933806829729132545,890043583,0,0,0,0,933806829729132545,2017-11-23T21:17:52.000Z,"Acabei de saber que a segunda fase da @UFPR ser√£o s√≥ tr√™s reda√ß√µes agora. Mam√£o com a√ß√∫car hein, calourada.",
933788561941377024,29218587,1,0,7,0,933788561941377024,2017-11-23T20:05:16.000Z,#UFPR divulga ensalamento para a segunda fase do vestibular. Veja tamb√©m as not√≠cias da #Uva e da #Uem desta quinta: https://t.co/iHmE7eN2Ps üòâ https://t.co/EpMdnrSUh1,
933752740953624577,95756773,0,1,2,0,933752740953624577,2017-11-23T17:42:56.000Z,"Status: Aquele friozinho na barriga, pr√© formatura üë©üèº‚Äçüéìü•Çüçæ #√âHoje #VouFormar #TPC #UFPR",
933725588707250183,56747956,0,0,0,0,933725588707250183,2017-11-23T15:55:02.000Z,Depois de 800 anos finalmente meu diploma da @UFPR t√° pronto pra ir pra casa (mas apenas na segunda) :D,
933716351004364801,71304458,0,0,0,0,933716351004364801,2017-11-23T15:18:20.000Z,"Tarde (at @UFPR - Universidade Federal do Paran√° in Curitiba, PR) https://t.co/CRp3e0YlQy",
933632028758695936,19546125,0,0,0,0,933632028758695936,2017-11-23T09:43:16.000Z,Veja ensalamento da 2¬™ fase do Vestibular 2018 da #UFPR em https://t.co/88nJmS2qBA,
933530605593202688,3904606701,2,1,0,0,933530605593202688,2017-11-23T03:00:15.000Z,ser√° que ta vendendo vaga da @UFPR na black friday?,
933525112632070145,123326749,0,0,0,0,933457870980567046,2017-11-23T02:38:25.000Z,@Ferrnandoliveir @UFPR valeu Fer,100607009
933525096861519872,123326749,0,0,0,0,933457870980567046,2017-11-23T02:38:21.000Z,@Ferrnandoliveir @UFPR pyta que pariu,100607009
933522461387378693,123326749,0,0,0,0,933457870980567046,2017-11-23T02:27:53.000Z,@UFPR a segunda fase vai ser realizada nos dias 26 e 27 (segunda-feira)?,23978439
933484394982940672,81156705,0,0,0,0,933457870980567046,2017-11-22T23:56:37.000Z,@UFPR Am√©m senhor,23978439
933476326018871297,243173367,0,0,0,0,933457870980567046,2017-11-22T23:24:33.000Z,@UFPR FINALMENTE!,23978439
933470052791308288,239811073,0,0,0,0,933465047338188800,2017-11-22T22:59:38.000Z,"@pnhiemetz @UFPR Que laje, porra @UFPR  quebra essa ae po",739286272489967616
933469746527457282,739286272489967616,0,1,0,0,933465047338188800,2017-11-22T22:58:25.000Z,"@jeanzer_ @UFPR Isso mesmo que vc leu, podiam fazer s√°bado e domingo, dois domingos seguidos mas n√£o os cara me fazem domingo e segunda",239811073
933466920921239552,239811073,0,1,0,0,933465047338188800,2017-11-22T22:47:11.000Z,@pnhiemetz @UFPR Como assim segunda?,739286272489967616
933465047338188800,739286272489967616,2,1,1,0,933465047338188800,2017-11-22T22:39:44.000Z,Queria mandar a @UFPR se lascar em marcar a prova da 2 fase em uma segunda feira,
933458564814983168,2289896119,0,0,0,0,933458564814983168,2017-11-22T22:13:59.000Z,O Comprovante de Ensalamento da 2¬™ Fase da UFPR foi liberado! COnfere l√°: https://t.co/JKpdnpNz9C #alternativo #vestibular #prevestibular #ufpr #2fase #localdeprova https://t.co/F0MRvS7zmT,
933458103705767937,182517314,0,1,0,0,933457870980567046,2017-11-22T22:12:09.000Z,@UFPR @c3rejas j√° viu o seu?,23978439
933450902370947072,96129950,0,0,0,0,933450902370947072,2017-11-22T21:43:32.000Z,Aten√ß√£o: @UFPR divulga ensalamento da 2.¬™ fase do vestibular - https://t.co/3m7sZUVNa5 https://t.co/G0yGEuaAwI,
933437176930537473,81156705,0,1,0,0,933437176930537473,2017-11-22T20:49:00.000Z,"@UFPR oi meu amor, a que horas vai sair o ensalamento?",23978439
933427517209407488,59635882,0,0,0,0,933427517209407488,2017-11-22T20:10:37.000Z,"Exposi√ß√£o de Maquetes 
#UFPR #SPU #Criarfazbem‚úåüòö https://t.co/pmHrcikiAT",
933409180198858752,885117194,0,0,0,0,933409180198858752,2017-11-22T18:57:45.000Z,como assim a prova de especifica da ufpr vai ser numa segunda feira? @UFPR,
933367461637971968,254693178,0,0,2,0,933367461637971968,2017-11-22T16:11:58.000Z,"al√¥ @ufpr 
que horas voc√™s v√£o liberar o ensalamento? 
me encontro ansiosA",
933291914115407872,450881612,0,0,0,0,933291914115407872,2017-11-22T11:11:46.000Z,Algu√©m me diz q hrs sai o ensalamento da @UFPR ahhhhh,
933277963801411585,338114871,0,0,0,0,933277963801411585,2017-11-22T10:16:20.000Z,"I'm at @UFPR - Universidade Federal do Paran√° in Curitiba, PR w/ @rdlbr https://t.co/mvH2ZKArI8",
933273708298305536,71304458,0,0,0,0,933273708298305536,2017-11-22T09:59:26.000Z,"Bom dia! (at @UFPR - Universidade Federal do Paran√° in Curitiba, PR) https://t.co/PM0j3BzvL4",
933124705497812992,1167068047,0,0,0,0,933124705497812992,2017-11-22T00:07:21.000Z,#UFPR contrata #professor para √°rea de Metodologia do Projeto do Produto https://t.co/YI7g7mEcCp #concursonews #concursosp√∫blicos #not√≠cias,
933114122295742465,1167068047,0,0,0,0,933114122295742465,2017-11-21T23:25:17.000Z,#UFPR seleciona #professor para departamento de Sa√∫de Comunit√°ria https://t.co/8BtMi1Q0c6 #concursonews #concursosp√∫blicos #not√≠cias,
933106411193675776,857049117121548288,0,0,0,0,932672066574340096,2017-11-21T22:54:39.000Z,@luis_8oliveira @UFPR verdade mlkin,748581923832893440
933083539402260486,2591064136,0,0,2,0,933083539402260486,2017-11-21T21:23:46.000Z,"Meu pedido para esse ano e passar na federal
#UFPR",
933077299620139010,864268303031836672,1,0,0,0,933077299620139010,2017-11-21T20:58:58.000Z,"Sempre que fa√ßo trabalho em grupo, eu sinto que sou capaz de cometer assassinato. #prontofalei #ufpr https://t.co/HsZV6EGlUF",
933070382831144962,17897953,0,0,0,0,933069771989573632,2017-11-21T20:31:29.000Z,@UFPR Detalhes aqui: https://t.co/yomJEaY3mG,17897953
933069916823007233,130947376,0,0,0,0,933069916823007233,2017-11-21T20:29:38.000Z,"Ultima prova de representa√ßoes digitais (at @UFPR - Universidade Federal do Paran√° in Curitiba, PR) https://t.co/UAzJlS6qGA",
933069771989573632,17897953,0,1,0,1,933069771989573632,2017-11-21T20:29:03.000Z,"[MESTRADO NA UFPR] Oportunidade!

Fiquem atentos ao prazo para inscri√ß√£o no Mestrado do Programa de P√≥s-Gradua√ß√£o em Engenharia e Ci√™ncia dos Materiais (PIPE) da @UFPR. As inscri√ß√µes v√£o at√© o dia 26/11/17 https://t.co/uWPsfWTeTQ",
933066981024194560,1167068047,0,0,0,0,933066981024194560,2017-11-21T20:17:58.000Z,#UFPR realiza concurso para #professor efetivo https://t.co/zC1HiycTjr #concursonews #concursosp√∫blicos #not√≠cias #paran√°,
933066820571025408,1167068047,0,0,0,0,933066820571025408,2017-11-21T20:17:20.000Z,#UFPR realiza concurso p√∫blico para #professor de Agroecologia https://t.co/HycgTmP7MR #concursonews #concursosp√∫blicos #not√≠cias #paran√°,
933059929723764736,512087829,0,0,0,0,932744225397059584,2017-11-21T19:49:57.000Z,@damianibru @UFPR A ufpr curtiu como assim,565031027
933057262360330241,1167068047,0,0,0,0,933057262360330241,2017-11-21T19:39:21.000Z,#UFPR realiza concurso para #Professor de Ci√™ncia da Computa√ß√£o https://t.co/msYooLX269 #concursonews #concursosp√∫blicos #not√≠cias #paran√°,
933022329206124544,128007672,0,0,0,0,933022329206124544,2017-11-21T17:20:32.000Z,Quando voc√™ descobre que n√£o h√° outra alternativa a n√£o ser estudar para as finais.  #direito #UFPR #bibju #finais https://t.co/2GSQHnkiNJ,
932985475199008769,39675693,0,0,0,0,932812171947462656,2017-11-21T14:54:05.000Z,@joaomzs @UFPR Ahhh verdade q,792856292788436992
932985002702327808,39675693,0,1,0,0,932812171947462656,2017-11-21T14:52:13.000Z,@joaomzs @UFPR Conseguiu fazer a prova? :3,792856292788436992
932954439148765184,113143582,0,0,3,0,932954439148765184,2017-11-21T12:50:46.000Z,"J√° viu os destaques da Semana @UFPR ?
https://t.co/eO7haITFiz https://t.co/xtsBHN2ZRr",
932945553029246977,254693178,0,0,10,3,932945553029246977,2017-11-21T12:15:27.000Z,"meu pedido de natal √© passar na federal 

@ufpr @ufsc",
932848529843937282,406766589,0,0,0,0,932848529843937282,2017-11-21T05:49:55.000Z,#angeladavis #mulheres #ra√ßas e #classes #petfilosofia #ufpr #Curitiba https://t.co/EfpsVYPb0E,
932658581467516933,113143582,1,0,4,0,932658581467516933,2017-11-20T17:15:08.000Z,Dia da Consci√™ncia Negra. A @UFPR defende a igualdade de oportunidades a todos e a todas. Entre 2014 e 2017 foram matriculados na UFPR 7784 estudantes aprovados pelo sistema de cotas raciais. https://t.co/TkFhLMY0Xd,
932614463429185536,113143582,3,0,6,0,932614463429185536,2017-11-20T14:19:49.000Z,"Precisamos falar sobre g√™nero. Quarta, na @UFPR , tem evento especial sobre o tema, no audit√≥rio do campus Bot√¢nico. A entrada √© gratuita e n√£o precisa de inscri√ß√£o. 
@celufpr @ponteufpr @CpOp_UFPR @Jousi @brunonichols @pedrochapaval @josianefeliz @desisalg https://t.co/PU4vLpNphT",
932566754873823232,919978772081840132,0,0,0,0,932566754873823232,2017-11-20T11:10:15.000Z,"Confira a publica√ß√£o do NEAB/UFPR: Curso de especializa√ß√£o em  educa√ß√£o das rela√ß√µes √©tnico-raciais - vol.1.  Acesse o livro na √≠ntegra na p√°gina do PPGA: https://t.co/zQTTaPM7Qy
 #antropologia #UFPR https://t.co/yXikz43JyQ",
932541746591993862,71304458,0,0,0,0,932541746591993862,2017-11-20T09:30:52.000Z,"Bom dia! (at @UFPR - Universidade Federal do Paran√° in Curitiba, PR) https://t.co/UMe37s5XKM",
932179028739592192,250646851,0,0,0,0,932179028739592192,2017-11-19T09:29:34.000Z,SHADOWS. #mpb #grupodempb #reitoria #ufpr #federal #teatro #dan√ßa #canto #sombra #bomdiaüåû https://t.co/iMPXyZn4Yv,
932178588358635521,3077677974,0,0,1,0,932178588358635521,2017-11-19T09:27:49.000Z,".@__arioliveira (@ SEPT - Setor de Educa√ß√£o Profissional e Tecnol√≥gica - @ufpr in Curitiba, PR) https://t.co/HXhHfNjgB5",
932041486388158464,166449135,0,0,1,0,932041486388158464,2017-11-19T00:23:01.000Z,palmas pra galera da #UFPR https://t.co/j1GSOeuit5,
932010693511041024,741507796089327616,0,0,0,0,932010693511041024,2017-11-18T22:20:39.000Z,@ufpr preciso passar,23978439
931698956345774081,3438678928,0,0,1,0,931697768166559745,2017-11-18T01:41:55.000Z,@eidoarda @UFPR Btw t√° lindona nessa foto,327643948
931698789127278594,3438678928,0,0,1,0,931697768166559745,2017-11-18T01:41:16.000Z,@eidoarda @UFPR Seu twitter e fechado anyway,327643948
931698577574907909,3438678928,0,0,1,0,931697768166559745,2017-11-18T01:40:25.000Z,@eidoarda Al√¥ @UFPR corrigiram a prova de menina errado,327643948
931637500619186182,176186733,0,0,0,0,931593781232664577,2017-11-17T21:37:43.000Z,@UFPR voc√™s n√£o tem ajuda solid√°ria pra gente de t.o?,23978439
931608474060017664,182517314,0,1,1,0,931569276422639616,2017-11-17T19:42:23.000Z,@UFPR n√£o to mais brava j√° passou ‚ù§Ô∏è‚ù§Ô∏è,23978439
931595247209144320,865735261954748416,0,0,0,0,931593781232664577,2017-11-17T18:49:49.000Z,"@UFPR Pena que √© s√≥ em Curitiba, sem condi√ß√µes de participar üò≠",23978439
931587053480968193,801069654726811648,0,0,0,0,931587053480968193,2017-11-17T18:17:16.000Z,"Universidade Federal de Pelotas (@UFPel); 5
Universidade Federal de Santa Maria (@UFSM_oficial); 3
Universidade Federal do Paran√° (@UFPR); 3",
931582745549201409,446206574,0,0,0,0,931582745549201409,2017-11-17T18:00:09.000Z,@UFPR que dia que os humilhados ser√£o exaltados??,23978439
931576598666579974,919978772081840132,0,0,1,0,931576598666579974,2017-11-17T17:35:43.000Z,"22/11: Mesa Redonda ‚ÄúExperi√™ncias Quilombolas na UFPR‚Äù
#antropologia #UFPR https://t.co/t3ro2FUUbh",
931548398137769984,919978772081840132,0,0,1,0,931548398137769984,2017-11-17T15:43:40.000Z,"21/11: Liliana de Mendon√ßa Porto, professora do DEAN, participa do debate ‚ÄúAs Comunidades Tradicionais e Reconhecimento‚Äù. #antropologia #UFPR https://t.co/BvRb517wy7",
931536950305198081,905392785213280256,0,0,0,0,931536950305198081,2017-11-17T14:58:10.000Z,"I'm at @UFPR - Universidade Federal do Paran√° in Curitiba, PR https://t.co/PSU0Wvd7r2",
931368782773260288,716450838554746881,0,0,0,0,930595856348319744,2017-11-17T03:49:56.000Z,"@TaliaKeneer @UFPR Obrigado pelo apoio bb. Espero que sim viu, otimismo üòä",3075383835
931332244278349825,1306186081,0,0,1,0,931332244278349825,2017-11-17T01:24:45.000Z,@UFPR VAMO AGILIZAR VAMO? https://t.co/yYJtgQXiIJ,23978439
931205648443936768,14984013,0,1,7,0,931205648443936768,2017-11-16T17:01:42.000Z,"N√£o lembro se eu contei na ter√ßa, mas: Alanis passou na primeira fase da UFPR - em Ci√™ncias Sociais #temqueterdom #UFPR #DomBoscoBatel https://t.co/CKqU9ZTQJ1",
931131219768725504,146145007,0,0,0,0,931131219768725504,2017-11-16T12:05:57.000Z,tava at√© querendo renovar minha identidade mas depois da lista #UFPR s¬¥o vou se passar no sisu quero testar essa novidade https://t.co/GyBa7fq58I,
931130511522713601,146145007,0,0,0,0,931130511522713601,2017-11-16T12:03:08.000Z,Depois de ver 12 jo√£o na lista e meu nome n√£o fico me perguntando porque eu concorri na concorr·∫Ωncia geral se sou de escola p√∫blica #UFPR,
931099263794376704,71304458,0,0,0,0,931099263794376704,2017-11-16T09:58:58.000Z,"Bom dia (at @UFPR - Universidade Federal do Paran√° in Curitiba, PR) https://t.co/hx2TXAv6ry",
930822225409830913,919978772081840132,0,0,0,0,930822225409830913,2017-11-15T15:38:07.000Z,Pr√≥ximo dia 23/11: defesa de disserta√ß√£o | Etnografia de um cotidiano hospitalar: uma perspectiva antropol√≥gica #antropologia #UFPR https://t.co/so0JuqMEtK,
930805743133036544,2743683915,0,0,0,0,930805743133036544,2017-11-15T14:32:37.000Z,"Mas √© isso, vem segunda fase que eu t√¥ te querendo #UFPR  ‚ù§Ô∏è",
930795754477752321,394905782,0,0,0,0,930795754477752321,2017-11-15T13:52:55.000Z,@UFPR eu estou tentando abrir o desempenho individual e nao consigo de jeito nenhum,23978439
930791064289665030,375925260,0,0,0,0,930791064289665030,2017-11-15T13:34:17.000Z,"Unidade Escola-Promo√ß√£o de Sa√∫de @UFPR promove Palestra ""@L√∫pus Eritematoso Sist√™mico - aspectos da doen√ßa e tratamento""
https://t.co/cOdF43fiNc https://t.co/aJjIEuGeZx",
930736733456601088,71304458,0,0,0,0,930736733456601088,2017-11-15T09:58:24.000Z,"Congressinho (at @UFPR - Universidade Federal do Paran√° in Curitiba, PR) https://t.co/ba2NFB9tYH",
930731854063439873,261464457,0,0,1,0,930731854063439873,2017-11-15T09:39:00.000Z,"Depois de v√°rios rettwitis 
#BomDiaBr  passei #UFPR üòµüòµ eu n√£o t√¥ acreditando at√© agora",
930645845279756289,2381377412,0,0,0,0,930645845279756289,2017-11-15T03:57:14.000Z,"Meu nome n√£o tava l√° na lista gente, foi bem triste üëå #ufpr",
930645548440412161,2381377412,0,0,0,0,930645548440412161,2017-11-15T03:56:03.000Z,COMO PODE a nota de corte pra RP t√° 41 ?? üò±üò± Me socorre Brasil #ufpr,
930607930336006149,1668886338,0,0,1,0,930607627792474112,2017-11-15T01:26:35.000Z,"mas sisu ta ai n√© linda olha vc tem mais uma chance de ter a ruiva mais linda dessa cidade a√≠ dentro, vai perder?? @ufpr",1668886338
930595856348319744,716450838554746881,0,1,1,0,930595856348319744,2017-11-15T00:38:36.000Z,"Pior dia do ano mano, t√¥ deprimido e muito triste, estudo ano todo pra essa porcaria de prova e n√£o passo, √© muito decepcionante, aff em @UFPR, n√£o quero mais tamb√©m.. Essa prova n√£o me define, o que vale √© o esfor√ßo e persist√™ncia!",
930587972403105792,81837218,0,0,1,0,930579152213770245,2017-11-15T00:07:16.000Z,"@blezjiieb @UFPR Por v√°rios pontos, tamb√©m pode? üò≠",4599797787
930578855693312000,2462413501,0,0,1,0,930231799254528002,2017-11-14T23:31:03.000Z,@pohaasam @UFPR Se realizou,446206574
930574015961423874,226350801,1,0,1,0,930574015961423874,2017-11-14T23:11:49.000Z,eai truta vi q vc mudou o gabarito da 76 ta de sacanagem ctz @UFPR,
930572201023111170,360151787,0,0,0,0,930475304673529856,2017-11-14T23:04:36.000Z,@UFPR Num consigo ver o desempenho individual,23978439
930546925534957569,273036282,0,0,0,0,930546925534957569,2017-11-14T21:24:10.000Z,Vida Universit√°ria j√° saiu! https://t.co/LisVnZ4mTT Gra√ßas a @ZicutakeBrasil @unifapbr @UFPR #enem #vestibular https://t.co/Tvq8Auqd5o,
930546886314024960,31197706,0,0,0,0,930546886314024960,2017-11-14T21:24:01.000Z,Vida Universit√°ria j√° saiu! https://t.co/qjVEGAeblX Gra√ßas a @ZicutakeBrasil @unifapbr @UFPR #enem #vestibular,
930528476406452224,864555982764036096,0,0,1,0,930528476406452224,2017-11-14T20:10:51.000Z,#vemsegundafase  #ufpr uhuuul. https://t.co/1zv0QpACRz,
930527132626931712,779147886,0,0,0,0,930475304673529856,2017-11-14T20:05:31.000Z,@UFPR vai ter resultado individual?,23978439
930519637971865600,403657187,0,0,0,0,930476310140465153,2017-11-14T19:35:44.000Z,"@ArnaudLuciana @UFPR obg, vai dar boa sim! üíõ",916666419827412993
930518254925336576,403657187,0,0,0,0,930476310140465153,2017-11-14T19:30:14.000Z,@ArnaudLuciana @UFPR opa!! agora tem q passar na segunda tmb huahauehue,916666419827412993
930514300279709697,403657187,0,0,0,0,930476310140465153,2017-11-14T19:14:31.000Z,@ArnaudLuciana @UFPR passei pra segunda fase,916666419827412993
930511981190242304,176186733,0,0,0,0,930511981190242304,2017-11-14T19:05:19.000Z,@UFPR voc√™s querem mesmo desgra√ßar minha cabe√ßa n√©nom mores &lt;3,23978439
930510196786585600,152004312,0,0,0,0,930510196786585600,2017-11-14T18:58:13.000Z,te amo @ufpr,
930506539785441282,40006201,0,0,0,0,930506539785441282,2017-11-14T18:43:41.000Z,"Veja a lista de convocados para a 2¬™ fase do Vestibular UFPR 2017/2018
https://t.co/chcbsSqGep  #vestibular #ufpr",
930505369297805318,2289896119,0,0,1,0,930505369297805318,2017-11-14T18:39:02.000Z,Saiu a lista de aprovados para a 2¬™ Fase da UFPR! https://t.co/5jUaNeb3DL #alternativo #vestibular #ufpr #aprovados #1fase https://t.co/CJhvqiaaaU,
930495252103925763,446206574,0,0,0,0,930475304673529856,2017-11-14T17:58:50.000Z,@UFPR TE AMO BEB√ä,23978439
930486476676231168,3919976901,0,0,1,0,930484342987673606,2017-11-14T17:23:58.000Z,@gabiteixeira002 passa a gente direto @UFPR,721813059380125696
930484703530049536,112183574,0,0,0,0,930484703530049536,2017-11-14T17:16:55.000Z,Gent e. Segunda fase da @UFPR de novo kkkk Meudeusodoceu,
930484468024045569,755974560852373505,0,0,3,0,930484468024045569,2017-11-14T17:15:59.000Z,Vem segunda fase !!! #ufpr,
930483068401569792,836598358747844608,0,0,3,0,930483068401569792,2017-11-14T17:10:25.000Z,VEM SEGUNDA FASE DA #UFPR,
930479952096645122,182517314,0,0,0,0,930475304673529856,2017-11-14T16:58:02.000Z,@UFPR Oi quando v√£o divulgar o gabarito oficial,23978439
930476851893587969,1705546141,0,3,4,1,930476851893587969,2017-11-14T16:45:43.000Z,Pode chegar 2¬™Fase  #UFPR,
930476797367435264,43812163,0,0,0,0,930476797367435264,2017-11-14T16:45:30.000Z,üéµ #Celebrating #Africa! #Origens at #UFPR #CURITIBA #BRASIL üéµ @ Teuni https://t.co/wqY3kjQhhH,
930476310140465153,403657187,0,0,0,0,930476310140465153,2017-11-14T16:43:34.000Z,TO CHEGANDO SAFADA @UFPR,
930475616423546880,3220223721,0,0,1,0,930475616423546880,2017-11-14T16:40:49.000Z,oi amiga q horas vai sair o desempenho individual? @UFPR,
930474188472770560,323581973,0,0,0,0,930474188472770560,2017-11-14T16:35:08.000Z,@UFPR vem cmg pra segundinha papaaaaai,23978439
930472918756265985,2867285875,0,2,9,0,930472918756265985,2017-11-14T16:30:05.000Z,Deu pra renovar um pouco as energias com o resultado da #UFPR . let' que let's pra segunda fase,
930472820177620993,19546125,0,0,0,0,930472820177620993,2017-11-14T16:29:42.000Z,"Confira resultado da 1¬™ fase do Vestibular 2018 da #UFPR
https://t.co/s36t76Qb9m",
930472713688363010,777026493327216640,0,0,1,0,930472713688363010,2017-11-14T16:29:16.000Z,"S√≥ vem, segunda fase!! #UFPR",
930472348448325633,146145007,0,0,0,0,930472348448325633,2017-11-14T16:27:49.000Z,n√£o deu #UFPR,
930471714609418245,4707764794,0,0,0,0,930470656923357184,2017-11-14T16:25:18.000Z,@UFPR,4707764794
930471456240275456,164080533,0,0,0,0,930471456240275456,2017-11-14T16:24:17.000Z,"#UFPR anuncia resultado da primeira fase do Vestibular 2017/2018
https://t.co/01JwdEoYBC https://t.co/yl4VVMj5tW",
930467890360352768,56747956,1,0,0,0,930467019585216512,2017-11-14T16:10:06.000Z,@Henrique_SiIva @UFPR Boa carai,167978902
930467275173515264,3220223721,0,0,0,0,930465926159486977,2017-11-14T16:07:40.000Z,"to curioso demais, porem
amostra a lista @UFPR",3220223721
930466923099410433,3357894681,0,0,1,0,930462697598210048,2017-11-14T16:06:16.000Z,"@matheuskrk @UFPR AHHHH n entra, t√° tudo travado",1395994638
930466101330415617,96129950,0,0,0,0,930466101330415617,2017-11-14T16:03:00.000Z,A @UFPR acaba de divulgar a lista de aprovados na primeira fase do vestibular. Confira https://t.co/3vMfPbQZUO https://t.co/vovDYbENGQ,
930465965300740098,204411177,0,1,3,0,930465965300740098,2017-11-14T16:02:28.000Z,"PORRAAAAAA, segunda fase nos aguardeeeee #ufpr https://t.co/6Z0a5SnjEh",
930464187683393536,1395994638,0,1,0,0,930462697598210048,2017-11-14T15:55:24.000Z,@isadoralorenn @UFPR Baixa o app que l√° tem a contagem regressiva,3357894681
930463801438359553,233252435,1,0,0,0,930463801438359553,2017-11-14T15:53:52.000Z,VAI LOGO @UFPR,
930463788565958656,482490914,0,0,0,0,930462697598210048,2017-11-14T15:53:49.000Z,@isadoralorenn @UFPR Errrr kkkkkkkk,3357894681
930463264684806144,3357894681,0,1,1,0,930462697598210048,2017-11-14T15:51:44.000Z,@rhayragc @UFPR Putz amiga aqui o hor√°rio t√° diferente kkkkkkk,482490914
930462922626732033,482490914,0,1,0,0,930462697598210048,2017-11-14T15:50:22.000Z,@isadoralorenn @UFPR 10 pras 14hrs amg kkkkk,3357894681
930462697598210048,3357894681,0,2,0,0,930462697598210048,2017-11-14T15:49:28.000Z,J√° s√£o 14hrs e cad√™ o resultado @UFPR ????,
930440802093993984,323581973,0,0,1,0,930153043433279488,2017-11-14T14:22:28.000Z,@UFPR  https://t.co/yL6h4EozO3,23978439
930439346284650496,3919976901,0,0,2,0,930439346284650496,2017-11-14T14:16:41.000Z,"s√≥ essa noite sonhei umas 4 vezes que passei, nem consegui dormir direito, ta feliz @ufpr?",
930386096487325697,1028890790,0,0,1,0,930386096487325697,2017-11-14T10:45:05.000Z,"What an honour to invited to speak at @UFPR via videoconference this week. My talk will be on ""Beyond statistics: Culture, Suicide and Public Policies of Suicide Prevention"". Get in touch with them if you are in Curitiba: https://t.co/SwOxQGyYnJ",
930385308197285888,84171765,0,0,0,0,930385308197285888,2017-11-14T10:41:57.000Z,Registro do II Encontro Presencial da Turma 2017 junto ao Prof. Dr. Eugenio Stefanelo. Dias memor√°veis! #MBA #Gest√£oDoAgroneg√≥cio #PECCA #UFPR #AquiTemAgro https://t.co/l9QQUJM1HY,
930361496860798976,926057515896508417,2,0,3,1,930361496860798976,2017-11-14T09:07:20.000Z,"Master de recherche #international en #philosophie pratique¬†√† @UnivRennes1 avec @UFPR #Br√©sil et @universitelaval #Canada 
https://t.co/FEUMiXiwCl https://t.co/IfFtuYriUp",
930263013399191552,153026466,0,0,0,0,930153043433279488,2017-11-14T02:36:00.000Z,@boikostreetboys @UFPR POR DEUS BROTHER,249855349
930261287518515200,3837974356,0,0,0,0,930261287518515200,2017-11-14T02:29:09.000Z,"Eu to muito ansiosa pra ver a lista de convocados pra 2¬™fase da @UFPR. 
#VemCalourinhos!",
930257190199406593,3377941979,0,0,1,0,930153043433279488,2017-11-14T02:12:52.000Z,@UFPR mo√ßo do c√©u n√£o faz isso comigo eu sou card√≠aca mo√ßo https://t.co/IUEyfDhMM7,23978439
930244375153651713,131962795,1,0,0,0,930244375153651713,2017-11-14T01:21:56.000Z,publica meia noite logo @UFPR,
930231799254528002,446206574,1,1,1,0,930231799254528002,2017-11-14T00:31:58.000Z,T√¥ t√£o titi @UFPR bota meu nome na lista,
930218348536909824,131962795,0,0,2,0,930153043433279488,2017-11-13T23:38:31.000Z,@UFPR nao faz isso mo√ßo eu come√ßo 7h da manh√£ o cursinho,23978439
930204565936525312,191987754,0,0,1,0,930153043433279488,2017-11-13T22:43:45.000Z,@UFPR @Giord320nO,23978439
930202970528141312,1668886338,0,0,2,0,930202970528141312,2017-11-13T22:37:25.000Z,mandando de novo caso vc nao tenha lido antes PELO AMOR DE DEUS ABAIXA A NOTA DE BIO NO NOTURNO EU TE AMO TANTO S√ì QUERO ENTRAR E ESTUDAR NESSA BELEZINHA QUE SE CHAMA SETOR DE BIOL√ìGICAS AAAAAA :( @UFPR,
930188283937738752,766440286570553344,0,1,0,0,930153043433279488,2017-11-13T21:39:03.000Z,@_lauracury @UFPR Vc n viveria sem mim,2733045428
930186851935236096,446206574,0,0,2,0,930153043433279488,2017-11-13T21:33:22.000Z,@UFPR Oi vaga sua sumida rs rs,23978439
930167706409689090,755620681862279168,0,0,1,0,930153043433279488,2017-11-13T20:17:17.000Z,@UFPR  https://t.co/F3riP6IvgI,23978439
930163531600756736,766440286570553344,2,1,9,0,930153043433279488,2017-11-13T20:00:42.000Z,@UFPR  https://t.co/taEsgv2Moo,23978439
930158102766391297,37825304,0,0,0,0,930158102766391297,2017-11-13T19:39:07.000Z,Saiu agora √† tarde o resultado dos projetos de P√≥s em Pol√≠ticas P√∫blicas da @UFPR https://t.co/fQmOiTsM2P edital... https://t.co/bK4BS5yN00,
930158033774239744,37825304,0,0,0,0,930158033774239744,2017-11-13T19:38:51.000Z,Saiu agora √† tarde o resultado dos projetos de P√≥s em Pol√≠ticas P√∫blicas da @UFPR https://t.co/fQmOiTsM2P edital de Mestrado e Doutorado para 2018. Agora vem a fase de prova. :),
930102408067321857,141427215,0,0,2,0,930102408067321857,2017-11-13T15:57:49.000Z,"Come√ßou hoje o curso de Acolhimento Lingu√≠stico e Acad√™mico para os alunos do Reingresso 2018 @UFPR . S√£o 13 novos estudantes do Haiti, Benin, Guin√© Bissau e Venezuela reinseridos na universidade p√∫blica. Orgulho #pbmih",
930005217457922048,71304458,0,0,0,0,930005217457922048,2017-11-13T09:31:37.000Z,"Ol√° (at @UFPR - Universidade Federal do Paran√° in Curitiba, PR) https://t.co/tsrgtJywcu",
929855117033172992,133523791,0,0,0,0,929855117033172992,2017-11-12T23:35:10.000Z,"resta saber quem copiou quem na elabora√ß√£o desse texto de linhas de pesquisa da @UFSC e da @UFPR

https://t.co/jpi8H8meqx / https://t.co/bowKNuzw6K",
929714061142560769,360151787,0,0,0,0,929714061142560769,2017-11-12T14:14:40.000Z,"I'm at @UFPR - Universidade Federal do Paran√° in Curitiba, PR https://t.co/dVOfJ9guNF",
929712235223638023,3119553045,0,0,0,0,929712235223638023,2017-11-12T14:07:24.000Z,The latest The Portuguese language Daily! https://t.co/AYEY5L2xc0 Thanks to @DiarioDoRio @MundoLusiada @UFPR #observador #publico,
